/* ui_icons.h — white-on-transparent Material icons, 40x40 RGB565.
 * Generated by assets/icon/make_icons.py (Material Design, Apache 2.0).
 * Pixels == 0xF81F (magenta) are transparent. Draw via pushSprite.
 */
#ifndef UI_ICONS_H_
#define UI_ICONS_H_

#define UI_ICON_SIZE 40
#define UI_ICON_TRANSP 0xF81F

static const uint16_t UI_ICON_TURN_LEFT[UI_ICON_SIZE*UI_ICON_SIZE] = {
    0xF81F, 0xF81F, 0xF81F, 0xF81F, 0xF81F, 0xF81F, 0xF81F, 0xF81F, 0xF81F, 0xF81F, 0xF81F, 0xF81F, 0xF81F, 0xF81F, 0xF81F, 0xF81F, 0xF81F, 0xF81F, 0xF81F, 0xF81F, 0xF81F, 0xF81F, 0xF81F, 0xF81F, 0xF81F, 0xF81F, 0xF81F, 0xF81F, 0xF81F, 0xF81F, 0xF81F, 0xF81F, 0xF81F, 0xF81F, 0xF81F, 0xF81F, 0xF81F, 0xF81F, 0xF81F, 0xF81F,
    0xF81F, 0xF81F, 0xF81F, 0xF81F, 0xF81F, 0xF81F, 0xF81F, 0xF81F, 0xF81F, 0xF81F, 0xF81F, 0xF81F, 0xF81F, 0xF81F, 0xF81F, 0xF81F, 0xF81F, 0xF81F, 0xF81F, 0xF81F, 0xF81F, 0xF81F, 0xF81F, 0xF81F, 0xF81F, 0xF81F, 0xF81F, 0xF81F, 0xF81F, 0xF81F, 0xF81F, 0xF81F, 0xF81F, 0xF81F, 0xF81F, 0xF81F, 0xF81F, 0xF81F, 0xF81F, 0xF81F,
    0xF81F, 0xF81F, 0xF81F, 0xF81F, 0xF81F, 0xF81F, 0xF81F, 0xF81F, 0xF81F, 0xF81F, 0xF81F, 0xF81F, 0xF81F, 0xF81F, 0xF81F, 0xF81F, 0xF81F, 0xF81F, 0xF81F, 0xF81F, 0xF81F, 0xF81F, 0xF81F, 0xF81F, 0xF81F, 0xF81F, 0xF81F, 0xF81F, 0xF81F, 0xF81F, 0xF81F, 0xF81F, 0xF81F, 0xF81F, 0xF81F, 0xF81F, 0xF81F, 0xF81F, 0xF81F, 0xF81F,
    0xF81F, 0xF81F, 0xF81F, 0xF81F, 0xF81F, 0xF81F, 0xF81F, 0xF81F, 0xF81F, 0xF81F, 0xF81F, 0xF81F, 0xF81F, 0xF81F, 0xF81F, 0xF81F, 0xF81F, 0xF81F, 0xF81F, 0xF81F, 0xF81F, 0xF81F, 0xF81F, 0xF81F, 0xF81F, 0xF81F, 0xF81F, 0xF81F, 0xF81F, 0xF81F, 0xF81F, 0xF81F, 0xF81F, 0xF81F, 0xF81F, 0xF81F, 0xF81F, 0xF81F, 0xF81F, 0xF81F,
    0xF81F, 0xF81F, 0xF81F, 0xF81F, 0xF81F, 0xF81F, 0xF81F, 0xF81F, 0xF81F, 0xF81F, 0xF81F, 0xF81F, 0xF81F, 0xF81F, 0xF81F, 0xF81F, 0xF81F, 0xF81F, 0xF81F, 0xF81F, 0xF81F, 0xF81F, 0xF81F, 0xF81F, 0xF81F, 0xF81F, 0xF81F, 0xF81F, 0xF81F, 0xF81F, 0xF81F, 0xF81F, 0xF81F, 0xF81F, 0xF81F, 0xF81F, 0xF81F, 0xF81F, 0xF81F, 0xF81F,
    0xF81F, 0xF81F, 0xF81F, 0xF81F, 0xF81F, 0xF81F, 0xF81F, 0xF81F, 0xF81F, 0xF81F, 0xF81F, 0xF81F, 0xF81F, 0xF81F, 0xF81F, 0xF81F, 0xF81F, 0xF81F, 0xF81F, 0xF81F, 0xF81F, 0xF81F, 0xF81F, 0xF81F, 0xF81F, 0xF81F, 0xF81F, 0xF81F, 0xF81F, 0xF81F, 0xF81F, 0xF81F, 0xF81F, 0xF81F, 0xF81F, 0xF81F, 0xF81F, 0xF81F, 0xF81F, 0xF81F,
    0xF81F, 0xF81F, 0xF81F, 0xF81F, 0xF81F, 0xF81F, 0xF81F, 0xF81F, 0xF81F, 0xF81F, 0xF81F, 0xF81F, 0xF81F, 0xF81F, 0xF81F, 0xF81F, 0xF81F, 0xF81F, 0xF81F, 0xF81F, 0xF81F, 0xF81F, 0xF81F, 0xF81F, 0xF81F, 0xF81F, 0xF81F, 0xF81F, 0xF81F, 0xF81F, 0xF81F, 0xF81F, 0xF81F, 0xF81F, 0xF81F, 0xF81F, 0xF81F, 0xF81F, 0xF81F, 0xF81F,
    0xF81F, 0xF81F, 0xF81F, 0xF81F, 0xF81F, 0xF81F, 0xF81F, 0xF81F, 0xF81F, 0xF81F, 0xF81F, 0xF81F, 0xF81F, 0xF81F, 0xF81F, 0xF81F, 0xF81F, 0xF81F, 0xF81F, 0xF81F, 0xF81F, 0xF81F, 0xF81F, 0xF81F, 0xF81F, 0xF81F, 0xF81F, 0xF81F, 0xF81F, 0xF81F, 0xF81F, 0xF81F, 0xF81F, 0xF81F, 0xF81F, 0xF81F, 0xF81F, 0xF81F, 0xF81F, 0xF81F,
    0xF81F, 0xF81F, 0xF81F, 0xF81F, 0xF81F, 0xF81F, 0xF81F, 0xF81F, 0xF81F, 0xF81F, 0xF81F, 0xF81F, 0xF81F, 0xF81F, 0xF81F, 0xF81F, 0xF81F, 0xF81F, 0xF81F, 0xF81F, 0xF81F, 0xF81F, 0xF81F, 0xF81F, 0xF81F, 0xF81F, 0xF81F, 0xF81F, 0xF81F, 0xF81F, 0xF81F, 0xF81F, 0xF81F, 0xF81F, 0xF81F, 0xF81F, 0xF81F, 0xF81F, 0xF81F, 0xF81F,
    0xF81F, 0xF81F, 0xF81F, 0xF81F, 0xF81F, 0xF81F, 0xF81F, 0xF81F, 0xF81F, 0xF81F, 0xF81F, 0xF81F, 0xF81F, 0xF81F, 0xF81F, 0xF81F, 0xF81F, 0xF81F, 0xF81F, 0xF81F, 0xF81F, 0xF81F, 0xF81F, 0xF81F, 0xF81F, 0xF81F, 0xF81F, 0xF81F, 0xF81F, 0xF81F, 0xF81F, 0xF81F, 0xF81F, 0xF81F, 0xF81F, 0xF81F, 0xF81F, 0xF81F, 0xF81F, 0xF81F,
    0xF81F, 0xF81F, 0xF81F, 0xF81F, 0xF81F, 0xF81F, 0xF81F, 0xF81F, 0xF81F, 0xF81F, 0xF81F, 0xFFFF, 0xF81F, 0xF81F, 0xF81F, 0xF81F, 0xF81F, 0xF81F, 0xF81F, 0xF81F, 0xF81F, 0xF81F, 0xF81F, 0xF81F, 0xF81F, 0xF81F, 0xF81F, 0xF81F, 0xF81F, 0xF81F, 0xF81F, 0xF81F, 0xF81F, 0xF81F, 0xF81F, 0xF81F, 0xF81F, 0xF81F, 0xF81F, 0xF81F,
    0xF81F, 0xF81F, 0xF81F, 0xF81F, 0xF81F, 0xF81F, 0xF81F, 0xF81F, 0xF81F, 0xF81F, 0xFFFF, 0xFFFF, 0xFFFF, 0xF81F, 0xF81F, 0xF81F, 0xF81F, 0xF81F, 0xF81F, 0xF81F, 0xF81F, 0xF81F, 0xF81F, 0xF81F, 0xF81F, 0xF81F, 0xF81F, 0xF81F, 0xF81F, 0xF81F, 0xF81F, 0xF81F, 0xF81F, 0xF81F, 0xF81F, 0xF81F, 0xF81F, 0xF81F, 0xF81F, 0xF81F,
    0xF81F, 0xF81F, 0xF81F, 0xF81F, 0xF81F, 0xF81F, 0xF81F, 0xF81F, 0xF81F, 0xFFFF, 0xFFFF, 0xFFFF, 0xFFFF, 0xFFFF, 0xF81F, 0xF81F, 0xF81F, 0xF81F, 0xF81F, 0xF81F, 0xF81F, 0xF81F, 0xF81F, 0xF81F, 0xF81F, 0xF81F, 0xF81F, 0xF81F, 0xF81F, 0xF81F, 0xF81F, 0xF81F, 0xF81F, 0xF81F, 0xF81F, 0xF81F, 0xF81F, 0xF81F, 0xF81F, 0xF81F,
    0xF81F, 0xF81F, 0xF81F, 0xF81F, 0xF81F, 0xF81F, 0xF81F, 0xF81F, 0xFFFF, 0xFFFF, 0xFFFF, 0xFFFF, 0xFFFF, 0xF81F, 0xF81F, 0xF81F, 0xF81F, 0xF81F, 0xF81F, 0xF81F, 0xF81F, 0xF81F, 0xF81F, 0xF81F, 0xF81F, 0xF81F, 0xF81F, 0xF81F, 0xF81F, 0xF81F, 0xF81F, 0xF81F, 0xF81F, 0xF81F, 0xF81F, 0xF81F, 0xF81F, 0xF81F, 0xF81F, 0xF81F,
    0xF81F, 0xF81F, 0xF81F, 0xF81F, 0xF81F, 0xF81F, 0xF81F, 0xFFFF, 0xFFFF, 0xFFFF, 0xFFFF, 0xFFFF, 0xF81F, 0xF81F, 0xF81F, 0xF81F, 0xF81F, 0xF81F, 0xF81F, 0xF81F, 0xF81F, 0xF81F, 0xF81F, 0xF81F, 0xF81F, 0xF81F, 0xF81F, 0xF81F, 0xF81F, 0xF81F, 0xF81F, 0xF81F, 0xF81F, 0xF81F, 0xF81F, 0xF81F, 0xF81F, 0xF81F, 0xF81F, 0xF81F,
    0xF81F, 0xF81F, 0xF81F, 0xF81F, 0xF81F, 0xF81F, 0xFFFF, 0xFFFF, 0xFFFF, 0xFFFF, 0xFFFF, 0xFFFF, 0xFFFF, 0xFFFF, 0xFFFF, 0xFFFF, 0xFFFF, 0xFFFF, 0xFFFF, 0xFFFF, 0xFFFF, 0xFFFF, 0xFFFF, 0xFFFF, 0xFFFF, 0xFFFF, 0xFFFF, 0xF81F, 0xF81F, 0xF81F, 0xF81F, 0xF81F, 0xF81F, 0xF81F, 0xF81F, 0xF81F, 0xF81F, 0xF81F, 0xF81F, 0xF81F,
    0xF81F, 0xF81F, 0xF81F, 0xF81F, 0xF81F, 0xFFFF, 0xFFFF, 0xFFFF, 0xFFFF, 0xFFFF, 0xFFFF, 0xFFFF, 0xFFFF, 0xFFFF, 0xFFFF, 0xFFFF, 0xFFFF, 0xFFFF, 0xFFFF, 0xFFFF, 0xFFFF, 0xFFFF, 0xFFFF, 0xFFFF, 0xFFFF, 0xFFFF, 0xFFFF, 0xFFFF, 0xF81F, 0xF81F, 0xF81F, 0xF81F, 0xF81F, 0xF81F, 0xF81F, 0xF81F, 0xF81F, 0xF81F, 0xF81F, 0xF81F,
    0xF81F, 0xF81F, 0xF81F, 0xF81F, 0xF81F, 0xF81F, 0xFFFF, 0xFFFF, 0xFFFF, 0xFFFF, 0xFFFF, 0xFFFF, 0xFFFF, 0xFFFF, 0xFFFF, 0xFFFF, 0xFFFF, 0xFFFF, 0xFFFF, 0xFFFF, 0xFFFF, 0xFFFF, 0xFFFF, 0xFFFF, 0xFFFF, 0xFFFF, 0xFFFF, 0xFFFF, 0xF81F, 0xF81F, 0xF81F, 0xF81F, 0xF81F, 0xF81F, 0xF81F, 0xF81F, 0xF81F, 0xF81F, 0xF81F, 0xF81F,
    0xF81F, 0xF81F, 0xF81F, 0xF81F, 0xF81F, 0xF81F, 0xF81F, 0xFFFF, 0xFFFF, 0xFFFF, 0xFFFF, 0xFFFF, 0xF81F, 0xF81F, 0xF81F, 0xF81F, 0xF81F, 0xF81F, 0xF81F, 0xF81F, 0xF81F, 0xF81F, 0xF81F, 0xF81F, 0xF81F, 0xFFFF, 0xFFFF, 0xFFFF, 0xF81F, 0xF81F, 0xF81F, 0xF81F, 0xF81F, 0xF81F, 0xF81F, 0xF81F, 0xF81F, 0xF81F, 0xF81F, 0xF81F,
    0xF81F, 0xF81F, 0xF81F, 0xF81F, 0xF81F, 0xF81F, 0xF81F, 0xF81F, 0xFFFF, 0xFFFF, 0xFFFF, 0xFFFF, 0xF81F, 0xF81F, 0xF81F, 0xF81F, 0xF81F, 0xF81F, 0xF81F, 0xF81F, 0xF81F, 0xF81F, 0xF81F, 0xF81F, 0xF81F, 0xFFFF, 0xFFFF, 0xFFFF, 0xF81F, 0xF81F, 0xF81F, 0xF81F, 0xF81F, 0xF81F, 0xF81F, 0xF81F, 0xF81F, 0xF81F, 0xF81F, 0xF81F,
    0xF81F, 0xF81F, 0xF81F, 0xF81F, 0xF81F, 0xF81F, 0xF81F, 0xF81F, 0xF81F, 0xFFFF, 0xFFFF, 0xFFFF, 0xFFFF, 0xFFFF, 0xF81F, 0xF81F, 0xF81F, 0xF81F, 0xF81F, 0xF81F, 0xF81F, 0xF81F, 0xF81F, 0xF81F, 0xF81F, 0xFFFF, 0xFFFF, 0xFFFF, 0xF81F, 0xF81F, 0xF81F, 0xF81F, 0xF81F, 0xF81F, 0xF81F, 0xF81F, 0xF81F, 0xF81F, 0xF81F, 0xF81F,
    0xF81F, 0xF81F, 0xF81F, 0xF81F, 0xF81F, 0xF81F, 0xF81F, 0xF81F, 0xF81F, 0xF81F, 0xFFFF, 0xFFFF, 0xFFFF, 0xFFFF, 0xF81F, 0xF81F, 0xF81F, 0xF81F, 0xF81F, 0xF81F, 0xF81F, 0xF81F, 0xF81F, 0xF81F, 0xF81F, 0xFFFF, 0xFFFF, 0xFFFF, 0xF81F, 0xF81F, 0xF81F, 0xF81F, 0xF81F, 0xF81F, 0xF81F, 0xF81F, 0xF81F, 0xF81F, 0xF81F, 0xF81F,
    0xF81F, 0xF81F, 0xF81F, 0xF81F, 0xF81F, 0xF81F, 0xF81F, 0xF81F, 0xF81F, 0xF81F, 0xF81F, 0xFFFF, 0xFFFF, 0xF81F, 0xF81F, 0xF81F, 0xF81F, 0xF81F, 0xF81F, 0xF81F, 0xF81F, 0xF81F, 0xF81F, 0xF81F, 0xF81F, 0xFFFF, 0xFFFF, 0xFFFF, 0xF81F, 0xF81F, 0xF81F, 0xF81F, 0xF81F, 0xF81F, 0xF81F, 0xF81F, 0xF81F, 0xF81F, 0xF81F, 0xF81F,
    0xF81F, 0xF81F, 0xF81F, 0xF81F, 0xF81F, 0xF81F, 0xF81F, 0xF81F, 0xF81F, 0xF81F, 0xF81F, 0xF81F, 0xF81F, 0xF81F, 0xF81F, 0xF81F, 0xF81F, 0xF81F, 0xF81F, 0xF81F, 0xF81F, 0xF81F, 0xF81F, 0xF81F, 0xF81F, 0xFFFF, 0xFFFF, 0xFFFF, 0xF81F, 0xF81F, 0xF81F, 0xF81F, 0xF81F, 0xF81F, 0xF81F, 0xF81F, 0xF81F, 0xF81F, 0xF81F, 0xF81F,
    0xF81F, 0xF81F, 0xF81F, 0xF81F, 0xF81F, 0xF81F, 0xF81F, 0xF81F, 0xF81F, 0xF81F, 0xF81F, 0xF81F, 0xF81F, 0xF81F, 0xF81F, 0xF81F, 0xF81F, 0xF81F, 0xF81F, 0xF81F, 0xF81F, 0xF81F, 0xF81F, 0xF81F, 0xF81F, 0xFFFF, 0xFFFF, 0xFFFF, 0xF81F, 0xF81F, 0xF81F, 0xF81F, 0xF81F, 0xF81F, 0xF81F, 0xF81F, 0xF81F, 0xF81F, 0xF81F, 0xF81F,
    0xF81F, 0xF81F, 0xF81F, 0xF81F, 0xF81F, 0xF81F, 0xF81F, 0xF81F, 0xF81F, 0xF81F, 0xF81F, 0xF81F, 0xF81F, 0xF81F, 0xF81F, 0xF81F, 0xF81F, 0xF81F, 0xF81F, 0xF81F, 0xF81F, 0xF81F, 0xF81F, 0xF81F, 0xF81F, 0xFFFF, 0xFFFF, 0xFFFF, 0xF81F, 0xF81F, 0xF81F, 0xF81F, 0xF81F, 0xF81F, 0xF81F, 0xF81F, 0xF81F, 0xF81F, 0xF81F, 0xF81F,
    0xF81F, 0xF81F, 0xF81F, 0xF81F, 0xF81F, 0xF81F, 0xF81F, 0xF81F, 0xF81F, 0xF81F, 0xF81F, 0xF81F, 0xF81F, 0xF81F, 0xF81F, 0xF81F, 0xF81F, 0xF81F, 0xF81F, 0xF81F, 0xF81F, 0xF81F, 0xF81F, 0xF81F, 0xF81F, 0xFFFF, 0xFFFF, 0xFFFF, 0xF81F, 0xF81F, 0xF81F, 0xF81F, 0xF81F, 0xF81F, 0xF81F, 0xF81F, 0xF81F, 0xF81F, 0xF81F, 0xF81F,
    0xF81F, 0xF81F, 0xF81F, 0xF81F, 0xF81F, 0xF81F, 0xF81F, 0xF81F, 0xF81F, 0xF81F, 0xF81F, 0xF81F, 0xF81F, 0xF81F, 0xF81F, 0xF81F, 0xF81F, 0xF81F, 0xF81F, 0xF81F, 0xF81F, 0xF81F, 0xF81F, 0xF81F, 0xF81F, 0xFFFF, 0xFFFF, 0xFFFF, 0xF81F, 0xF81F, 0xF81F, 0xF81F, 0xF81F, 0xF81F, 0xF81F, 0xF81F, 0xF81F, 0xF81F, 0xF81F, 0xF81F,
    0xF81F, 0xF81F, 0xF81F, 0xF81F, 0xF81F, 0xF81F, 0xF81F, 0xF81F, 0xF81F, 0xF81F, 0xF81F, 0xF81F, 0xF81F, 0xF81F, 0xF81F, 0xF81F, 0xF81F, 0xF81F, 0xF81F, 0xF81F, 0xF81F, 0xF81F, 0xF81F, 0xF81F, 0xF81F, 0xFFFF, 0xFFFF, 0xFFFF, 0xF81F, 0xF81F, 0xF81F, 0xF81F, 0xF81F, 0xF81F, 0xF81F, 0xF81F, 0xF81F, 0xF81F, 0xF81F, 0xF81F,
    0xF81F, 0xF81F, 0xF81F, 0xF81F, 0xF81F, 0xF81F, 0xF81F, 0xF81F, 0xF81F, 0xF81F, 0xF81F, 0xF81F, 0xF81F, 0xF81F, 0xF81F, 0xF81F, 0xF81F, 0xF81F, 0xF81F, 0xF81F, 0xF81F, 0xF81F, 0xF81F, 0xF81F, 0xF81F, 0xFFFF, 0xFFFF, 0xFFFF, 0xF81F, 0xF81F, 0xF81F, 0xF81F, 0xF81F, 0xF81F, 0xF81F, 0xF81F, 0xF81F, 0xF81F, 0xF81F, 0xF81F,
    0xF81F, 0xF81F, 0xF81F, 0xF81F, 0xF81F, 0xF81F, 0xF81F, 0xF81F, 0xF81F, 0xF81F, 0xF81F, 0xF81F, 0xF81F, 0xF81F, 0xF81F, 0xF81F, 0xF81F, 0xF81F, 0xF81F, 0xF81F, 0xF81F, 0xF81F, 0xF81F, 0xF81F, 0xF81F, 0xFFFF, 0xFFFF, 0xFFFF, 0xF81F, 0xF81F, 0xF81F, 0xF81F, 0xF81F, 0xF81F, 0xF81F, 0xF81F, 0xF81F, 0xF81F, 0xF81F, 0xF81F,
    0xF81F, 0xF81F, 0xF81F, 0xF81F, 0xF81F, 0xF81F, 0xF81F, 0xF81F, 0xF81F, 0xF81F, 0xF81F, 0xF81F, 0xF81F, 0xF81F, 0xF81F, 0xF81F, 0xF81F, 0xF81F, 0xF81F, 0xF81F, 0xF81F, 0xF81F, 0xF81F, 0xF81F, 0xF81F, 0xFFFF, 0xFFFF, 0xFFFF, 0xF81F, 0xF81F, 0xF81F, 0xF81F, 0xF81F, 0xF81F, 0xF81F, 0xF81F, 0xF81F, 0xF81F, 0xF81F, 0xF81F,
    0xF81F, 0xF81F, 0xF81F, 0xF81F, 0xF81F, 0xF81F, 0xF81F, 0xF81F, 0xF81F, 0xF81F, 0xF81F, 0xF81F, 0xF81F, 0xF81F, 0xF81F, 0xF81F, 0xF81F, 0xF81F, 0xF81F, 0xF81F, 0xF81F, 0xF81F, 0xF81F, 0xF81F, 0xF81F, 0xFFFF, 0xFFFF, 0xFFFF, 0xF81F, 0xF81F, 0xF81F, 0xF81F, 0xF81F, 0xF81F, 0xF81F, 0xF81F, 0xF81F, 0xF81F, 0xF81F, 0xF81F,
    0xF81F, 0xF81F, 0xF81F, 0xF81F, 0xF81F, 0xF81F, 0xF81F, 0xF81F, 0xF81F, 0xF81F, 0xF81F, 0xF81F, 0xF81F, 0xF81F, 0xF81F, 0xF81F, 0xF81F, 0xF81F, 0xF81F, 0xF81F, 0xF81F, 0xF81F, 0xF81F, 0xF81F, 0xF81F, 0xF81F, 0xF81F, 0xF81F, 0xF81F, 0xF81F, 0xF81F, 0xF81F, 0xF81F, 0xF81F, 0xF81F, 0xF81F, 0xF81F, 0xF81F, 0xF81F, 0xF81F,
    0xF81F, 0xF81F, 0xF81F, 0xF81F, 0xF81F, 0xF81F, 0xF81F, 0xF81F, 0xF81F, 0xF81F, 0xF81F, 0xF81F, 0xF81F, 0xF81F, 0xF81F, 0xF81F, 0xF81F, 0xF81F, 0xF81F, 0xF81F, 0xF81F, 0xF81F, 0xF81F, 0xF81F, 0xF81F, 0xF81F, 0xF81F, 0xF81F, 0xF81F, 0xF81F, 0xF81F, 0xF81F, 0xF81F, 0xF81F, 0xF81F, 0xF81F, 0xF81F, 0xF81F, 0xF81F, 0xF81F,
    0xF81F, 0xF81F, 0xF81F, 0xF81F, 0xF81F, 0xF81F, 0xF81F, 0xF81F, 0xF81F, 0xF81F, 0xF81F, 0xF81F, 0xF81F, 0xF81F, 0xF81F, 0xF81F, 0xF81F, 0xF81F, 0xF81F, 0xF81F, 0xF81F, 0xF81F, 0xF81F, 0xF81F, 0xF81F, 0xF81F, 0xF81F, 0xF81F, 0xF81F, 0xF81F, 0xF81F, 0xF81F, 0xF81F, 0xF81F, 0xF81F, 0xF81F, 0xF81F, 0xF81F, 0xF81F, 0xF81F,
    0xF81F, 0xF81F, 0xF81F, 0xF81F, 0xF81F, 0xF81F, 0xF81F, 0xF81F, 0xF81F, 0xF81F, 0xF81F, 0xF81F, 0xF81F, 0xF81F, 0xF81F, 0xF81F, 0xF81F, 0xF81F, 0xF81F, 0xF81F, 0xF81F, 0xF81F, 0xF81F, 0xF81F, 0xF81F, 0xF81F, 0xF81F, 0xF81F, 0xF81F, 0xF81F, 0xF81F, 0xF81F, 0xF81F, 0xF81F, 0xF81F, 0xF81F, 0xF81F, 0xF81F, 0xF81F, 0xF81F,
    0xF81F, 0xF81F, 0xF81F, 0xF81F, 0xF81F, 0xF81F, 0xF81F, 0xF81F, 0xF81F, 0xF81F, 0xF81F, 0xF81F, 0xF81F, 0xF81F, 0xF81F, 0xF81F, 0xF81F, 0xF81F, 0xF81F, 0xF81F, 0xF81F, 0xF81F, 0xF81F, 0xF81F, 0xF81F, 0xF81F, 0xF81F, 0xF81F, 0xF81F, 0xF81F, 0xF81F, 0xF81F, 0xF81F, 0xF81F, 0xF81F, 0xF81F, 0xF81F, 0xF81F, 0xF81F, 0xF81F,
    0xF81F, 0xF81F, 0xF81F, 0xF81F, 0xF81F, 0xF81F, 0xF81F, 0xF81F, 0xF81F, 0xF81F, 0xF81F, 0xF81F, 0xF81F, 0xF81F, 0xF81F, 0xF81F, 0xF81F, 0xF81F, 0xF81F, 0xF81F, 0xF81F, 0xF81F, 0xF81F, 0xF81F, 0xF81F, 0xF81F, 0xF81F, 0xF81F, 0xF81F, 0xF81F, 0xF81F, 0xF81F, 0xF81F, 0xF81F, 0xF81F, 0xF81F, 0xF81F, 0xF81F, 0xF81F, 0xF81F,
    0xF81F, 0xF81F, 0xF81F, 0xF81F, 0xF81F, 0xF81F, 0xF81F, 0xF81F, 0xF81F, 0xF81F, 0xF81F, 0xF81F, 0xF81F, 0xF81F, 0xF81F, 0xF81F, 0xF81F, 0xF81F, 0xF81F, 0xF81F, 0xF81F, 0xF81F, 0xF81F, 0xF81F, 0xF81F, 0xF81F, 0xF81F, 0xF81F, 0xF81F, 0xF81F, 0xF81F, 0xF81F, 0xF81F, 0xF81F, 0xF81F, 0xF81F, 0xF81F, 0xF81F, 0xF81F, 0xF81F
};

static const uint16_t UI_ICON_TURN_RIGHT[UI_ICON_SIZE*UI_ICON_SIZE] = {
    0xF81F, 0xF81F, 0xF81F, 0xF81F, 0xF81F, 0xF81F, 0xF81F, 0xF81F, 0xF81F, 0xF81F, 0xF81F, 0xF81F, 0xF81F, 0xF81F, 0xF81F, 0xF81F, 0xF81F, 0xF81F, 0xF81F, 0xF81F, 0xF81F, 0xF81F, 0xF81F, 0xF81F, 0xF81F, 0xF81F, 0xF81F, 0xF81F, 0xF81F, 0xF81F, 0xF81F, 0xF81F, 0xF81F, 0xF81F, 0xF81F, 0xF81F, 0xF81F, 0xF81F, 0xF81F, 0xF81F,
    0xF81F, 0xF81F, 0xF81F, 0xF81F, 0xF81F, 0xF81F, 0xF81F, 0xF81F, 0xF81F, 0xF81F, 0xF81F, 0xF81F, 0xF81F, 0xF81F, 0xF81F, 0xF81F, 0xF81F, 0xF81F, 0xF81F, 0xF81F, 0xF81F, 0xF81F, 0xF81F, 0xF81F, 0xF81F, 0xF81F, 0xF81F, 0xF81F, 0xF81F, 0xF81F, 0xF81F, 0xF81F, 0xF81F, 0xF81F, 0xF81F, 0xF81F, 0xF81F, 0xF81F, 0xF81F, 0xF81F,
    0xF81F, 0xF81F, 0xF81F, 0xF81F, 0xF81F, 0xF81F, 0xF81F, 0xF81F, 0xF81F, 0xF81F, 0xF81F, 0xF81F, 0xF81F, 0xF81F, 0xF81F, 0xF81F, 0xF81F, 0xF81F, 0xF81F, 0xF81F, 0xF81F, 0xF81F, 0xF81F, 0xF81F, 0xF81F, 0xF81F, 0xF81F, 0xF81F, 0xF81F, 0xF81F, 0xF81F, 0xF81F, 0xF81F, 0xF81F, 0xF81F, 0xF81F, 0xF81F, 0xF81F, 0xF81F, 0xF81F,
    0xF81F, 0xF81F, 0xF81F, 0xF81F, 0xF81F, 0xF81F, 0xF81F, 0xF81F, 0xF81F, 0xF81F, 0xF81F, 0xF81F, 0xF81F, 0xF81F, 0xF81F, 0xF81F, 0xF81F, 0xF81F, 0xF81F, 0xF81F, 0xF81F, 0xF81F, 0xF81F, 0xF81F, 0xF81F, 0xF81F, 0xF81F, 0xF81F, 0xF81F, 0xF81F, 0xF81F, 0xF81F, 0xF81F, 0xF81F, 0xF81F, 0xF81F, 0xF81F, 0xF81F, 0xF81F, 0xF81F,
    0xF81F, 0xF81F, 0xF81F, 0xF81F, 0xF81F, 0xF81F, 0xF81F, 0xF81F, 0xF81F, 0xF81F, 0xF81F, 0xF81F, 0xF81F, 0xF81F, 0xF81F, 0xF81F, 0xF81F, 0xF81F, 0xF81F, 0xF81F, 0xF81F, 0xF81F, 0xF81F, 0xF81F, 0xF81F, 0xF81F, 0xF81F, 0xF81F, 0xF81F, 0xF81F, 0xF81F, 0xF81F, 0xF81F, 0xF81F, 0xF81F, 0xF81F, 0xF81F, 0xF81F, 0xF81F, 0xF81F,
    0xF81F, 0xF81F, 0xF81F, 0xF81F, 0xF81F, 0xF81F, 0xF81F, 0xF81F, 0xF81F, 0xF81F, 0xF81F, 0xF81F, 0xF81F, 0xF81F, 0xF81F, 0xF81F, 0xF81F, 0xF81F, 0xF81F, 0xF81F, 0xF81F, 0xF81F, 0xF81F, 0xF81F, 0xF81F, 0xF81F, 0xF81F, 0xF81F, 0xF81F, 0xF81F, 0xF81F, 0xF81F, 0xF81F, 0xF81F, 0xF81F, 0xF81F, 0xF81F, 0xF81F, 0xF81F, 0xF81F,
    0xF81F, 0xF81F, 0xF81F, 0xF81F, 0xF81F, 0xF81F, 0xF81F, 0xF81F, 0xF81F, 0xF81F, 0xF81F, 0xF81F, 0xF81F, 0xF81F, 0xF81F, 0xF81F, 0xF81F, 0xF81F, 0xF81F, 0xF81F, 0xF81F, 0xF81F, 0xF81F, 0xF81F, 0xF81F, 0xF81F, 0xF81F, 0xF81F, 0xF81F, 0xF81F, 0xF81F, 0xF81F, 0xF81F, 0xF81F, 0xF81F, 0xF81F, 0xF81F, 0xF81F, 0xF81F, 0xF81F,
    0xF81F, 0xF81F, 0xF81F, 0xF81F, 0xF81F, 0xF81F, 0xF81F, 0xF81F, 0xF81F, 0xF81F, 0xF81F, 0xF81F, 0xF81F, 0xF81F, 0xF81F, 0xF81F, 0xF81F, 0xF81F, 0xF81F, 0xF81F, 0xF81F, 0xF81F, 0xF81F, 0xF81F, 0xF81F, 0xF81F, 0xF81F, 0xF81F, 0xF81F, 0xF81F, 0xF81F, 0xF81F, 0xF81F, 0xF81F, 0xF81F, 0xF81F, 0xF81F, 0xF81F, 0xF81F, 0xF81F,
    0xF81F, 0xF81F, 0xF81F, 0xF81F, 0xF81F, 0xF81F, 0xF81F, 0xF81F, 0xF81F, 0xF81F, 0xF81F, 0xF81F, 0xF81F, 0xF81F, 0xF81F, 0xF81F, 0xF81F, 0xF81F, 0xF81F, 0xF81F, 0xF81F, 0xF81F, 0xF81F, 0xF81F, 0xF81F, 0xF81F, 0xF81F, 0xF81F, 0xF81F, 0xF81F, 0xF81F, 0xF81F, 0xF81F, 0xF81F, 0xF81F, 0xF81F, 0xF81F, 0xF81F, 0xF81F, 0xF81F,
    0xF81F, 0xF81F, 0xF81F, 0xF81F, 0xF81F, 0xF81F, 0xF81F, 0xF81F, 0xF81F, 0xF81F, 0xF81F, 0xF81F, 0xF81F, 0xF81F, 0xF81F, 0xF81F, 0xF81F, 0xF81F, 0xF81F, 0xF81F, 0xF81F, 0xF81F, 0xF81F, 0xF81F, 0xF81F, 0xF81F, 0xF81F, 0xF81F, 0xF81F, 0xF81F, 0xF81F, 0xF81F, 0xF81F, 0xF81F, 0xF81F, 0xF81F, 0xF81F, 0xF81F, 0xF81F, 0xF81F,
    0xF81F, 0xF81F, 0xF81F, 0xF81F, 0xF81F, 0xF81F, 0xF81F, 0xF81F, 0xF81F, 0xF81F, 0xF81F, 0xF81F, 0xF81F, 0xF81F, 0xF81F, 0xF81F, 0xF81F, 0xF81F, 0xF81F, 0xF81F, 0xF81F, 0xF81F, 0xF81F, 0xF81F, 0xF81F, 0xF81F, 0xF81F, 0xF81F, 0xFFFF, 0xF81F, 0xF81F, 0xF81F, 0xF81F, 0xF81F, 0xF81F, 0xF81F, 0xF81F, 0xF81F, 0xF81F, 0xF81F,
    0xF81F, 0xF81F, 0xF81F, 0xF81F, 0xF81F, 0xF81F, 0xF81F, 0xF81F, 0xF81F, 0xF81F, 0xF81F, 0xF81F, 0xF81F, 0xF81F, 0xF81F, 0xF81F, 0xF81F, 0xF81F, 0xF81F, 0xF81F, 0xF81F, 0xF81F, 0xF81F, 0xF81F, 0xF81F, 0xF81F, 0xF81F, 0xFFFF, 0xFFFF, 0xFFFF, 0xF81F, 0xF81F, 0xF81F, 0xF81F, 0xF81F, 0xF81F, 0xF81F, 0xF81F, 0xF81F, 0xF81F,
    0xF81F, 0xF81F, 0xF81F, 0xF81F, 0xF81F, 0xF81F, 0xF81F, 0xF81F, 0xF81F, 0xF81F, 0xF81F, 0xF81F, 0xF81F, 0xF81F, 0xF81F, 0xF81F, 0xF81F, 0xF81F, 0xF81F, 0xF81F, 0xF81F, 0xF81F, 0xF81F, 0xF81F, 0xF81F, 0xF81F, 0xFFFF, 0xFFFF, 0xFFFF, 0xFFFF, 0xFFFF, 0xF81F, 0xF81F, 0xF81F, 0xF81F, 0xF81F, 0xF81F, 0xF81F, 0xF81F, 0xF81F,
    0xF81F, 0xF81F, 0xF81F, 0xF81F, 0xF81F, 0xF81F, 0xF81F, 0xF81F, 0xF81F, 0xF81F, 0xF81F, 0xF81F, 0xF81F, 0xF81F, 0xF81F, 0xF81F, 0xF81F, 0xF81F, 0xF81F, 0xF81F, 0xF81F, 0xF81F, 0xF81F, 0xF81F, 0xF81F, 0xF81F, 0xF81F, 0xFFFF, 0xFFFF, 0xFFFF, 0xFFFF, 0xFFFF, 0xF81F, 0xF81F, 0xF81F, 0xF81F, 0xF81F, 0xF81F, 0xF81F, 0xF81F,
    0xF81F, 0xF81F, 0xF81F, 0xF81F, 0xF81F, 0xF81F, 0xF81F, 0xF81F, 0xF81F, 0xF81F, 0xF81F, 0xF81F, 0xF81F, 0xF81F, 0xF81F, 0xF81F, 0xF81F, 0xF81F, 0xF81F, 0xF81F, 0xF81F, 0xF81F, 0xF81F, 0xF81F, 0xF81F, 0xF81F, 0xF81F, 0xF81F, 0xFFFF, 0xFFFF, 0xFFFF, 0xFFFF, 0xFFFF, 0xF81F, 0xF81F, 0xF81F, 0xF81F, 0xF81F, 0xF81F, 0xF81F,
    0xF81F, 0xF81F, 0xF81F, 0xF81F, 0xF81F, 0xF81F, 0xF81F, 0xF81F, 0xF81F, 0xF81F, 0xF81F, 0xF81F, 0xF81F, 0xFFFF, 0xFFFF, 0xFFFF, 0xFFFF, 0xFFFF, 0xFFFF, 0xFFFF, 0xFFFF, 0xFFFF, 0xFFFF, 0xFFFF, 0xFFFF, 0xFFFF, 0xFFFF, 0xFFFF, 0xFFFF, 0xFFFF, 0xFFFF, 0xFFFF, 0xFFFF, 0xFFFF, 0xF81F, 0xF81F, 0xF81F, 0xF81F, 0xF81F, 0xF81F,
    0xF81F, 0xF81F, 0xF81F, 0xF81F, 0xF81F, 0xF81F, 0xF81F, 0xF81F, 0xF81F, 0xF81F, 0xF81F, 0xF81F, 0xFFFF, 0xFFFF, 0xFFFF, 0xFFFF, 0xFFFF, 0xFFFF, 0xFFFF, 0xFFFF, 0xFFFF, 0xFFFF, 0xFFFF, 0xFFFF, 0xFFFF, 0xFFFF, 0xFFFF, 0xFFFF, 0xFFFF, 0xFFFF, 0xFFFF, 0xFFFF, 0xFFFF, 0xFFFF, 0xFFFF, 0xF81F, 0xF81F, 0xF81F, 0xF81F, 0xF81F,
    0xF81F, 0xF81F, 0xF81F, 0xF81F, 0xF81F, 0xF81F, 0xF81F, 0xF81F, 0xF81F, 0xF81F, 0xF81F, 0xF81F, 0xFFFF, 0xFFFF, 0xFFFF, 0xFFFF, 0xFFFF, 0xFFFF, 0xFFFF, 0xFFFF, 0xFFFF, 0xFFFF, 0xFFFF, 0xFFFF, 0xFFFF, 0xFFFF, 0xFFFF, 0xFFFF, 0xFFFF, 0xFFFF, 0xFFFF, 0xFFFF, 0xFFFF, 0xFFFF, 0xF81F, 0xF81F, 0xF81F, 0xF81F, 0xF81F, 0xF81F,
    0xF81F, 0xF81F, 0xF81F, 0xF81F, 0xF81F, 0xF81F, 0xF81F, 0xF81F, 0xF81F, 0xF81F, 0xF81F, 0xF81F, 0xFFFF, 0xFFFF, 0xFFFF, 0xF81F, 0xF81F, 0xF81F, 0xF81F, 0xF81F, 0xF81F, 0xF81F, 0xF81F, 0xF81F, 0xF81F, 0xF81F, 0xF81F, 0xF81F, 0xFFFF, 0xFFFF, 0xFFFF, 0xFFFF, 0xFFFF, 0xF81F, 0xF81F, 0xF81F, 0xF81F, 0xF81F, 0xF81F, 0xF81F,
    0xF81F, 0xF81F, 0xF81F, 0xF81F, 0xF81F, 0xF81F, 0xF81F, 0xF81F, 0xF81F, 0xF81F, 0xF81F, 0xF81F, 0xFFFF, 0xFFFF, 0xFFFF, 0xF81F, 0xF81F, 0xF81F, 0xF81F, 0xF81F, 0xF81F, 0xF81F, 0xF81F, 0xF81F, 0xF81F, 0xF81F, 0xF81F, 0xF81F, 0xFFFF, 0xFFFF, 0xFFFF, 0xFFFF, 0xF81F, 0xF81F, 0xF81F, 0xF81F, 0xF81F, 0xF81F, 0xF81F, 0xF81F,
    0xF81F, 0xF81F, 0xF81F, 0xF81F, 0xF81F, 0xF81F, 0xF81F, 0xF81F, 0xF81F, 0xF81F, 0xF81F, 0xF81F, 0xFFFF, 0xFFFF, 0xFFFF, 0xF81F, 0xF81F, 0xF81F, 0xF81F, 0xF81F, 0xF81F, 0xF81F, 0xF81F, 0xF81F, 0xF81F, 0xF81F, 0xFFFF, 0xFFFF, 0xFFFF, 0xFFFF, 0xFFFF, 0xF81F, 0xF81F, 0xF81F, 0xF81F, 0xF81F, 0xF81F, 0xF81F, 0xF81F, 0xF81F,
    0xF81F, 0xF81F, 0xF81F, 0xF81F, 0xF81F, 0xF81F, 0xF81F, 0xF81F, 0xF81F, 0xF81F, 0xF81F, 0xF81F, 0xFFFF, 0xFFFF, 0xFFFF, 0xF81F, 0xF81F, 0xF81F, 0xF81F, 0xF81F, 0xF81F, 0xF81F, 0xF81F, 0xF81F, 0xF81F, 0xF81F, 0xFFFF, 0xFFFF, 0xFFFF, 0xFFFF, 0xF81F, 0xF81F, 0xF81F, 0xF81F, 0xF81F, 0xF81F, 0xF81F, 0xF81F, 0xF81F, 0xF81F,
    0xF81F, 0xF81F, 0xF81F, 0xF81F, 0xF81F, 0xF81F, 0xF81F, 0xF81F, 0xF81F, 0xF81F, 0xF81F, 0xF81F, 0xFFFF, 0xFFFF, 0xFFFF, 0xF81F, 0xF81F, 0xF81F, 0xF81F, 0xF81F, 0xF81F, 0xF81F, 0xF81F, 0xF81F, 0xF81F, 0xF81F, 0xF81F, 0xFFFF, 0xFFFF, 0xF81F, 0xF81F, 0xF81F, 0xF81F, 0xF81F, 0xF81F, 0xF81F, 0xF81F, 0xF81F, 0xF81F, 0xF81F,
    0xF81F, 0xF81F, 0xF81F, 0xF81F, 0xF81F, 0xF81F, 0xF81F, 0xF81F, 0xF81F, 0xF81F, 0xF81F, 0xF81F, 0xFFFF, 0xFFFF, 0xFFFF, 0xF81F, 0xF81F, 0xF81F, 0xF81F, 0xF81F, 0xF81F, 0xF81F, 0xF81F, 0xF81F, 0xF81F, 0xF81F, 0xF81F, 0xF81F, 0xF81F, 0xF81F, 0xF81F, 0xF81F, 0xF81F, 0xF81F, 0xF81F, 0xF81F, 0xF81F, 0xF81F, 0xF81F, 0xF81F,
    0xF81F, 0xF81F, 0xF81F, 0xF81F, 0xF81F, 0xF81F, 0xF81F, 0xF81F, 0xF81F, 0xF81F, 0xF81F, 0xF81F, 0xFFFF, 0xFFFF, 0xFFFF, 0xF81F, 0xF81F, 0xF81F, 0xF81F, 0xF81F, 0xF81F, 0xF81F, 0xF81F, 0xF81F, 0xF81F, 0xF81F, 0xF81F, 0xF81F, 0xF81F, 0xF81F, 0xF81F, 0xF81F, 0xF81F, 0xF81F, 0xF81F, 0xF81F, 0xF81F, 0xF81F, 0xF81F, 0xF81F,
    0xF81F, 0xF81F, 0xF81F, 0xF81F, 0xF81F, 0xF81F, 0xF81F, 0xF81F, 0xF81F, 0xF81F, 0xF81F, 0xF81F, 0xFFFF, 0xFFFF, 0xFFFF, 0xF81F, 0xF81F, 0xF81F, 0xF81F, 0xF81F, 0xF81F, 0xF81F, 0xF81F, 0xF81F, 0xF81F, 0xF81F, 0xF81F, 0xF81F, 0xF81F, 0xF81F, 0xF81F, 0xF81F, 0xF81F, 0xF81F, 0xF81F, 0xF81F, 0xF81F, 0xF81F, 0xF81F, 0xF81F,
    0xF81F, 0xF81F, 0xF81F, 0xF81F, 0xF81F, 0xF81F, 0xF81F, 0xF81F, 0xF81F, 0xF81F, 0xF81F, 0xF81F, 0xFFFF, 0xFFFF, 0xFFFF, 0xF81F, 0xF81F, 0xF81F, 0xF81F, 0xF81F, 0xF81F, 0xF81F, 0xF81F, 0xF81F, 0xF81F, 0xF81F, 0xF81F, 0xF81F, 0xF81F, 0xF81F, 0xF81F, 0xF81F, 0xF81F, 0xF81F, 0xF81F, 0xF81F, 0xF81F, 0xF81F, 0xF81F, 0xF81F,
    0xF81F, 0xF81F, 0xF81F, 0xF81F, 0xF81F, 0xF81F, 0xF81F, 0xF81F, 0xF81F, 0xF81F, 0xF81F, 0xF81F, 0xFFFF, 0xFFFF, 0xFFFF, 0xF81F, 0xF81F, 0xF81F, 0xF81F, 0xF81F, 0xF81F, 0xF81F, 0xF81F, 0xF81F, 0xF81F, 0xF81F, 0xF81F, 0xF81F, 0xF81F, 0xF81F, 0xF81F, 0xF81F, 0xF81F, 0xF81F, 0xF81F, 0xF81F, 0xF81F, 0xF81F, 0xF81F, 0xF81F,
    0xF81F, 0xF81F, 0xF81F, 0xF81F, 0xF81F, 0xF81F, 0xF81F, 0xF81F, 0xF81F, 0xF81F, 0xF81F, 0xF81F, 0xFFFF, 0xFFFF, 0xFFFF, 0xF81F, 0xF81F, 0xF81F, 0xF81F, 0xF81F, 0xF81F, 0xF81F, 0xF81F, 0xF81F, 0xF81F, 0xF81F, 0xF81F, 0xF81F, 0xF81F, 0xF81F, 0xF81F, 0xF81F, 0xF81F, 0xF81F, 0xF81F, 0xF81F, 0xF81F, 0xF81F, 0xF81F, 0xF81F,
    0xF81F, 0xF81F, 0xF81F, 0xF81F, 0xF81F, 0xF81F, 0xF81F, 0xF81F, 0xF81F, 0xF81F, 0xF81F, 0xF81F, 0xFFFF, 0xFFFF, 0xFFFF, 0xF81F, 0xF81F, 0xF81F, 0xF81F, 0xF81F, 0xF81F, 0xF81F, 0xF81F, 0xF81F, 0xF81F, 0xF81F, 0xF81F, 0xF81F, 0xF81F, 0xF81F, 0xF81F, 0xF81F, 0xF81F, 0xF81F, 0xF81F, 0xF81F, 0xF81F, 0xF81F, 0xF81F, 0xF81F,
    0xF81F, 0xF81F, 0xF81F, 0xF81F, 0xF81F, 0xF81F, 0xF81F, 0xF81F, 0xF81F, 0xF81F, 0xF81F, 0xF81F, 0xFFFF, 0xFFFF, 0xFFFF, 0xF81F, 0xF81F, 0xF81F, 0xF81F, 0xF81F, 0xF81F, 0xF81F, 0xF81F, 0xF81F, 0xF81F, 0xF81F, 0xF81F, 0xF81F, 0xF81F, 0xF81F, 0xF81F, 0xF81F, 0xF81F, 0xF81F, 0xF81F, 0xF81F, 0xF81F, 0xF81F, 0xF81F, 0xF81F,
    0xF81F, 0xF81F, 0xF81F, 0xF81F, 0xF81F, 0xF81F, 0xF81F, 0xF81F, 0xF81F, 0xF81F, 0xF81F, 0xF81F, 0xFFFF, 0xFFFF, 0xFFFF, 0xF81F, 0xF81F, 0xF81F, 0xF81F, 0xF81F, 0xF81F, 0xF81F, 0xF81F, 0xF81F, 0xF81F, 0xF81F, 0xF81F, 0xF81F, 0xF81F, 0xF81F, 0xF81F, 0xF81F, 0xF81F, 0xF81F, 0xF81F, 0xF81F, 0xF81F, 0xF81F, 0xF81F, 0xF81F,
    0xF81F, 0xF81F, 0xF81F, 0xF81F, 0xF81F, 0xF81F, 0xF81F, 0xF81F, 0xF81F, 0xF81F, 0xF81F, 0xF81F, 0xFFFF, 0xFFFF, 0xFFFF, 0xF81F, 0xF81F, 0xF81F, 0xF81F, 0xF81F, 0xF81F, 0xF81F, 0xF81F, 0xF81F, 0xF81F, 0xF81F, 0xF81F, 0xF81F, 0xF81F, 0xF81F, 0xF81F, 0xF81F, 0xF81F, 0xF81F, 0xF81F, 0xF81F, 0xF81F, 0xF81F, 0xF81F, 0xF81F,
    0xF81F, 0xF81F, 0xF81F, 0xF81F, 0xF81F, 0xF81F, 0xF81F, 0xF81F, 0xF81F, 0xF81F, 0xF81F, 0xF81F, 0xF81F, 0xF81F, 0xF81F, 0xF81F, 0xF81F, 0xF81F, 0xF81F, 0xF81F, 0xF81F, 0xF81F, 0xF81F, 0xF81F, 0xF81F, 0xF81F, 0xF81F, 0xF81F, 0xF81F, 0xF81F, 0xF81F, 0xF81F, 0xF81F, 0xF81F, 0xF81F, 0xF81F, 0xF81F, 0xF81F, 0xF81F, 0xF81F,
    0xF81F, 0xF81F, 0xF81F, 0xF81F, 0xF81F, 0xF81F, 0xF81F, 0xF81F, 0xF81F, 0xF81F, 0xF81F, 0xF81F, 0xF81F, 0xF81F, 0xF81F, 0xF81F, 0xF81F, 0xF81F, 0xF81F, 0xF81F, 0xF81F, 0xF81F, 0xF81F, 0xF81F, 0xF81F, 0xF81F, 0xF81F, 0xF81F, 0xF81F, 0xF81F, 0xF81F, 0xF81F, 0xF81F, 0xF81F, 0xF81F, 0xF81F, 0xF81F, 0xF81F, 0xF81F, 0xF81F,
    0xF81F, 0xF81F, 0xF81F, 0xF81F, 0xF81F, 0xF81F, 0xF81F, 0xF81F, 0xF81F, 0xF81F, 0xF81F, 0xF81F, 0xF81F, 0xF81F, 0xF81F, 0xF81F, 0xF81F, 0xF81F, 0xF81F, 0xF81F, 0xF81F, 0xF81F, 0xF81F, 0xF81F, 0xF81F, 0xF81F, 0xF81F, 0xF81F, 0xF81F, 0xF81F, 0xF81F, 0xF81F, 0xF81F, 0xF81F, 0xF81F, 0xF81F, 0xF81F, 0xF81F, 0xF81F, 0xF81F,
    0xF81F, 0xF81F, 0xF81F, 0xF81F, 0xF81F, 0xF81F, 0xF81F, 0xF81F, 0xF81F, 0xF81F, 0xF81F, 0xF81F, 0xF81F, 0xF81F, 0xF81F, 0xF81F, 0xF81F, 0xF81F, 0xF81F, 0xF81F, 0xF81F, 0xF81F, 0xF81F, 0xF81F, 0xF81F, 0xF81F, 0xF81F, 0xF81F, 0xF81F, 0xF81F, 0xF81F, 0xF81F, 0xF81F, 0xF81F, 0xF81F, 0xF81F, 0xF81F, 0xF81F, 0xF81F, 0xF81F,
    0xF81F, 0xF81F, 0xF81F, 0xF81F, 0xF81F, 0xF81F, 0xF81F, 0xF81F, 0xF81F, 0xF81F, 0xF81F, 0xF81F, 0xF81F, 0xF81F, 0xF81F, 0xF81F, 0xF81F, 0xF81F, 0xF81F, 0xF81F, 0xF81F, 0xF81F, 0xF81F, 0xF81F, 0xF81F, 0xF81F, 0xF81F, 0xF81F, 0xF81F, 0xF81F, 0xF81F, 0xF81F, 0xF81F, 0xF81F, 0xF81F, 0xF81F, 0xF81F, 0xF81F, 0xF81F, 0xF81F,
    0xF81F, 0xF81F, 0xF81F, 0xF81F, 0xF81F, 0xF81F, 0xF81F, 0xF81F, 0xF81F, 0xF81F, 0xF81F, 0xF81F, 0xF81F, 0xF81F, 0xF81F, 0xF81F, 0xF81F, 0xF81F, 0xF81F, 0xF81F, 0xF81F, 0xF81F, 0xF81F, 0xF81F, 0xF81F, 0xF81F, 0xF81F, 0xF81F, 0xF81F, 0xF81F, 0xF81F, 0xF81F, 0xF81F, 0xF81F, 0xF81F, 0xF81F, 0xF81F, 0xF81F, 0xF81F, 0xF81F,
    0xF81F, 0xF81F, 0xF81F, 0xF81F, 0xF81F, 0xF81F, 0xF81F, 0xF81F, 0xF81F, 0xF81F, 0xF81F, 0xF81F, 0xF81F, 0xF81F, 0xF81F, 0xF81F, 0xF81F, 0xF81F, 0xF81F, 0xF81F, 0xF81F, 0xF81F, 0xF81F, 0xF81F, 0xF81F, 0xF81F, 0xF81F, 0xF81F, 0xF81F, 0xF81F, 0xF81F, 0xF81F, 0xF81F, 0xF81F, 0xF81F, 0xF81F, 0xF81F, 0xF81F, 0xF81F, 0xF81F
};

static const uint16_t UI_ICON_TURN_SLIGHT_LEFT[UI_ICON_SIZE*UI_ICON_SIZE] = {
    0xF81F, 0xF81F, 0xF81F, 0xF81F, 0xF81F, 0xF81F, 0xF81F, 0xF81F, 0xF81F, 0xF81F, 0xF81F, 0xF81F, 0xF81F, 0xF81F, 0xF81F, 0xF81F, 0xF81F, 0xF81F, 0xF81F, 0xF81F, 0xF81F, 0xF81F, 0xF81F, 0xF81F, 0xF81F, 0xF81F, 0xF81F, 0xF81F, 0xF81F, 0xF81F, 0xF81F, 0xF81F, 0xF81F, 0xF81F, 0xF81F, 0xF81F, 0xF81F, 0xF81F, 0xF81F, 0xF81F,
    0xF81F, 0xF81F, 0xF81F, 0xF81F, 0xF81F, 0xF81F, 0xF81F, 0xF81F, 0xF81F, 0xF81F, 0xF81F, 0xF81F, 0xF81F, 0xF81F, 0xF81F, 0xF81F, 0xF81F, 0xF81F, 0xF81F, 0xF81F, 0xF81F, 0xF81F, 0xF81F, 0xF81F, 0xF81F, 0xF81F, 0xF81F, 0xF81F, 0xF81F, 0xF81F, 0xF81F, 0xF81F, 0xF81F, 0xF81F, 0xF81F, 0xF81F, 0xF81F, 0xF81F, 0xF81F, 0xF81F,
    0xF81F, 0xF81F, 0xF81F, 0xF81F, 0xF81F, 0xF81F, 0xF81F, 0xF81F, 0xF81F, 0xF81F, 0xF81F, 0xF81F, 0xF81F, 0xF81F, 0xF81F, 0xF81F, 0xF81F, 0xF81F, 0xF81F, 0xF81F, 0xF81F, 0xF81F, 0xF81F, 0xF81F, 0xF81F, 0xF81F, 0xF81F, 0xF81F, 0xF81F, 0xF81F, 0xF81F, 0xF81F, 0xF81F, 0xF81F, 0xF81F, 0xF81F, 0xF81F, 0xF81F, 0xF81F, 0xF81F,
    0xF81F, 0xF81F, 0xF81F, 0xF81F, 0xF81F, 0xF81F, 0xF81F, 0xF81F, 0xF81F, 0xF81F, 0xF81F, 0xF81F, 0xF81F, 0xF81F, 0xF81F, 0xF81F, 0xF81F, 0xF81F, 0xF81F, 0xF81F, 0xF81F, 0xF81F, 0xF81F, 0xF81F, 0xF81F, 0xF81F, 0xF81F, 0xF81F, 0xF81F, 0xF81F, 0xF81F, 0xF81F, 0xF81F, 0xF81F, 0xF81F, 0xF81F, 0xF81F, 0xF81F, 0xF81F, 0xF81F,
    0xF81F, 0xF81F, 0xF81F, 0xF81F, 0xF81F, 0xF81F, 0xF81F, 0xF81F, 0xF81F, 0xF81F, 0xF81F, 0xF81F, 0xF81F, 0xF81F, 0xF81F, 0xF81F, 0xF81F, 0xF81F, 0xF81F, 0xF81F, 0xF81F, 0xF81F, 0xF81F, 0xF81F, 0xF81F, 0xF81F, 0xF81F, 0xF81F, 0xF81F, 0xF81F, 0xF81F, 0xF81F, 0xF81F, 0xF81F, 0xF81F, 0xF81F, 0xF81F, 0xF81F, 0xF81F, 0xF81F,
    0xF81F, 0xF81F, 0xF81F, 0xF81F, 0xF81F, 0xF81F, 0xF81F, 0xF81F, 0xF81F, 0xF81F, 0xF81F, 0xF81F, 0xF81F, 0xF81F, 0xF81F, 0xF81F, 0xF81F, 0xF81F, 0xF81F, 0xF81F, 0xF81F, 0xF81F, 0xF81F, 0xF81F, 0xF81F, 0xF81F, 0xF81F, 0xF81F, 0xF81F, 0xF81F, 0xF81F, 0xF81F, 0xF81F, 0xF81F, 0xF81F, 0xF81F, 0xF81F, 0xF81F, 0xF81F, 0xF81F,
    0xF81F, 0xF81F, 0xF81F, 0xF81F, 0xF81F, 0xF81F, 0xF81F, 0xF81F, 0xF81F, 0xF81F, 0xF81F, 0xF81F, 0xF81F, 0xF81F, 0xF81F, 0xF81F, 0xF81F, 0xF81F, 0xF81F, 0xF81F, 0xF81F, 0xF81F, 0xF81F, 0xF81F, 0xF81F, 0xF81F, 0xF81F, 0xF81F, 0xF81F, 0xF81F, 0xF81F, 0xF81F, 0xF81F, 0xF81F, 0xF81F, 0xF81F, 0xF81F, 0xF81F, 0xF81F, 0xF81F,
    0xF81F, 0xF81F, 0xF81F, 0xF81F, 0xF81F, 0xF81F, 0xF81F, 0xF81F, 0xF81F, 0xF81F, 0xFFFF, 0xFFFF, 0xFFFF, 0xFFFF, 0xFFFF, 0xFFFF, 0xFFFF, 0xFFFF, 0xFFFF, 0xF81F, 0xF81F, 0xF81F, 0xF81F, 0xF81F, 0xF81F, 0xF81F, 0xF81F, 0xF81F, 0xF81F, 0xF81F, 0xF81F, 0xF81F, 0xF81F, 0xF81F, 0xF81F, 0xF81F, 0xF81F, 0xF81F, 0xF81F, 0xF81F,
    0xF81F, 0xF81F, 0xF81F, 0xF81F, 0xF81F, 0xF81F, 0xF81F, 0xF81F, 0xF81F, 0xF81F, 0xFFFF, 0xFFFF, 0xFFFF, 0xFFFF, 0xFFFF, 0xFFFF, 0xFFFF, 0xFFFF, 0xFFFF, 0xF81F, 0xF81F, 0xF81F, 0xF81F, 0xF81F, 0xF81F, 0xF81F, 0xF81F, 0xF81F, 0xF81F, 0xF81F, 0xF81F, 0xF81F, 0xF81F, 0xF81F, 0xF81F, 0xF81F, 0xF81F, 0xF81F, 0xF81F, 0xF81F,
    0xF81F, 0xF81F, 0xF81F, 0xF81F, 0xF81F, 0xF81F, 0xF81F, 0xF81F, 0xF81F, 0xF81F, 0xFFFF, 0xFFFF, 0xFFFF, 0xFFFF, 0xFFFF, 0xFFFF, 0xFFFF, 0xFFFF, 0xFFFF, 0xF81F, 0xF81F, 0xF81F, 0xF81F, 0xF81F, 0xF81F, 0xF81F, 0xF81F, 0xF81F, 0xF81F, 0xF81F, 0xF81F, 0xF81F, 0xF81F, 0xF81F, 0xF81F, 0xF81F, 0xF81F, 0xF81F, 0xF81F, 0xF81F,
    0xF81F, 0xF81F, 0xF81F, 0xF81F, 0xF81F, 0xF81F, 0xF81F, 0xF81F, 0xF81F, 0xF81F, 0xFFFF, 0xFFFF, 0xFFFF, 0xFFFF, 0xFFFF, 0xFFFF, 0xF81F, 0xF81F, 0xF81F, 0xF81F, 0xF81F, 0xF81F, 0xF81F, 0xF81F, 0xF81F, 0xF81F, 0xF81F, 0xF81F, 0xF81F, 0xF81F, 0xF81F, 0xF81F, 0xF81F, 0xF81F, 0xF81F, 0xF81F, 0xF81F, 0xF81F, 0xF81F, 0xF81F,
    0xF81F, 0xF81F, 0xF81F, 0xF81F, 0xF81F, 0xF81F, 0xF81F, 0xF81F, 0xF81F, 0xF81F, 0xFFFF, 0xFFFF, 0xFFFF, 0xFFFF, 0xFFFF, 0xFFFF, 0xFFFF, 0xF81F, 0xF81F, 0xF81F, 0xF81F, 0xF81F, 0xF81F, 0xF81F, 0xF81F, 0xF81F, 0xF81F, 0xF81F, 0xF81F, 0xF81F, 0xF81F, 0xF81F, 0xF81F, 0xF81F, 0xF81F, 0xF81F, 0xF81F, 0xF81F, 0xF81F, 0xF81F,
    0xF81F, 0xF81F, 0xF81F, 0xF81F, 0xF81F, 0xF81F, 0xF81F, 0xF81F, 0xF81F, 0xF81F, 0xFFFF, 0xFFFF, 0xFFFF, 0xFFFF, 0xFFFF, 0xFFFF, 0xFFFF, 0xFFFF, 0xF81F, 0xF81F, 0xF81F, 0xF81F, 0xF81F, 0xF81F, 0xF81F, 0xF81F, 0xF81F, 0xF81F, 0xF81F, 0xF81F, 0xF81F, 0xF81F, 0xF81F, 0xF81F, 0xF81F, 0xF81F, 0xF81F, 0xF81F, 0xF81F, 0xF81F,
    0xF81F, 0xF81F, 0xF81F, 0xF81F, 0xF81F, 0xF81F, 0xF81F, 0xF81F, 0xF81F, 0xF81F, 0xFFFF, 0xFFFF, 0xFFFF, 0xF81F, 0xF81F, 0xFFFF, 0xFFFF, 0xFFFF, 0xFFFF, 0xF81F, 0xF81F, 0xF81F, 0xF81F, 0xF81F, 0xF81F, 0xF81F, 0xF81F, 0xF81F, 0xF81F, 0xF81F, 0xF81F, 0xF81F, 0xF81F, 0xF81F, 0xF81F, 0xF81F, 0xF81F, 0xF81F, 0xF81F, 0xF81F,
    0xF81F, 0xF81F, 0xF81F, 0xF81F, 0xF81F, 0xF81F, 0xF81F, 0xF81F, 0xF81F, 0xF81F, 0xFFFF, 0xFFFF, 0xFFFF, 0xF81F, 0xF81F, 0xFFFF, 0xFFFF, 0xFFFF, 0xFFFF, 0xFFFF, 0xF81F, 0xF81F, 0xF81F, 0xF81F, 0xF81F, 0xF81F, 0xF81F, 0xF81F, 0xF81F, 0xF81F, 0xF81F, 0xF81F, 0xF81F, 0xF81F, 0xF81F, 0xF81F, 0xF81F, 0xF81F, 0xF81F, 0xF81F,
    0xF81F, 0xF81F, 0xF81F, 0xF81F, 0xF81F, 0xF81F, 0xF81F, 0xF81F, 0xF81F, 0xF81F, 0xFFFF, 0xFFFF, 0xFFFF, 0xF81F, 0xF81F, 0xF81F, 0xFFFF, 0xFFFF, 0xFFFF, 0xFFFF, 0xFFFF, 0xF81F, 0xF81F, 0xF81F, 0xF81F, 0xF81F, 0xF81F, 0xF81F, 0xF81F, 0xF81F, 0xF81F, 0xF81F, 0xF81F, 0xF81F, 0xF81F, 0xF81F, 0xF81F, 0xF81F, 0xF81F, 0xF81F,
    0xF81F, 0xF81F, 0xF81F, 0xF81F, 0xF81F, 0xF81F, 0xF81F, 0xF81F, 0xF81F, 0xF81F, 0xF81F, 0xF81F, 0xF81F, 0xF81F, 0xF81F, 0xF81F, 0xF81F, 0xFFFF, 0xFFFF, 0xFFFF, 0xFFFF, 0xFFFF, 0xF81F, 0xF81F, 0xF81F, 0xF81F, 0xF81F, 0xF81F, 0xF81F, 0xF81F, 0xF81F, 0xF81F, 0xF81F, 0xF81F, 0xF81F, 0xF81F, 0xF81F, 0xF81F, 0xF81F, 0xF81F,
    0xF81F, 0xF81F, 0xF81F, 0xF81F, 0xF81F, 0xF81F, 0xF81F, 0xF81F, 0xF81F, 0xF81F, 0xF81F, 0xF81F, 0xF81F, 0xF81F, 0xF81F, 0xF81F, 0xF81F, 0xF81F, 0xFFFF, 0xFFFF, 0xFFFF, 0xFFFF, 0xFFFF, 0xF81F, 0xF81F, 0xF81F, 0xF81F, 0xF81F, 0xF81F, 0xF81F, 0xF81F, 0xF81F, 0xF81F, 0xF81F, 0xF81F, 0xF81F, 0xF81F, 0xF81F, 0xF81F, 0xF81F,
    0xF81F, 0xF81F, 0xF81F, 0xF81F, 0xF81F, 0xF81F, 0xF81F, 0xF81F, 0xF81F, 0xF81F, 0xF81F, 0xF81F, 0xF81F, 0xF81F, 0xF81F, 0xF81F, 0xF81F, 0xF81F, 0xF81F, 0xFFFF, 0xFFFF, 0xFFFF, 0xFFFF, 0xFFFF, 0xF81F, 0xF81F, 0xF81F, 0xF81F, 0xF81F, 0xF81F, 0xF81F, 0xF81F, 0xF81F, 0xF81F, 0xF81F, 0xF81F, 0xF81F, 0xF81F, 0xF81F, 0xF81F,
    0xF81F, 0xF81F, 0xF81F, 0xF81F, 0xF81F, 0xF81F, 0xF81F, 0xF81F, 0xF81F, 0xF81F, 0xF81F, 0xF81F, 0xF81F, 0xF81F, 0xF81F, 0xF81F, 0xF81F, 0xF81F, 0xF81F, 0xF81F, 0xFFFF, 0xFFFF, 0xFFFF, 0xFFFF, 0xFFFF, 0xF81F, 0xF81F, 0xF81F, 0xF81F, 0xF81F, 0xF81F, 0xF81F, 0xF81F, 0xF81F, 0xF81F, 0xF81F, 0xF81F, 0xF81F, 0xF81F, 0xF81F,
    0xF81F, 0xF81F, 0xF81F, 0xF81F, 0xF81F, 0xF81F, 0xF81F, 0xF81F, 0xF81F, 0xF81F, 0xF81F, 0xF81F, 0xF81F, 0xF81F, 0xF81F, 0xF81F, 0xF81F, 0xF81F, 0xF81F, 0xF81F, 0xF81F, 0xFFFF, 0xFFFF, 0xFFFF, 0xFFFF, 0xF81F, 0xF81F, 0xF81F, 0xF81F, 0xF81F, 0xF81F, 0xF81F, 0xF81F, 0xF81F, 0xF81F, 0xF81F, 0xF81F, 0xF81F, 0xF81F, 0xF81F,
    0xF81F, 0xF81F, 0xF81F, 0xF81F, 0xF81F, 0xF81F, 0xF81F, 0xF81F, 0xF81F, 0xF81F, 0xF81F, 0xF81F, 0xF81F, 0xF81F, 0xF81F, 0xF81F, 0xF81F, 0xF81F, 0xF81F, 0xF81F, 0xF81F, 0xF81F, 0xFFFF, 0xFFFF, 0xFFFF, 0xF81F, 0xF81F, 0xF81F, 0xF81F, 0xF81F, 0xF81F, 0xF81F, 0xF81F, 0xF81F, 0xF81F, 0xF81F, 0xF81F, 0xF81F, 0xF81F, 0xF81F,
    0xF81F, 0xF81F, 0xF81F, 0xF81F, 0xF81F, 0xF81F, 0xF81F, 0xF81F, 0xF81F, 0xF81F, 0xF81F, 0xF81F, 0xF81F, 0xF81F, 0xF81F, 0xF81F, 0xF81F, 0xF81F, 0xF81F, 0xF81F, 0xF81F, 0xF81F, 0xFFFF, 0xFFFF, 0xFFFF, 0xF81F, 0xF81F, 0xF81F, 0xF81F, 0xF81F, 0xF81F, 0xF81F, 0xF81F, 0xF81F, 0xF81F, 0xF81F, 0xF81F, 0xF81F, 0xF81F, 0xF81F,
    0xF81F, 0xF81F, 0xF81F, 0xF81F, 0xF81F, 0xF81F, 0xF81F, 0xF81F, 0xF81F, 0xF81F, 0xF81F, 0xF81F, 0xF81F, 0xF81F, 0xF81F, 0xF81F, 0xF81F, 0xF81F, 0xF81F, 0xF81F, 0xF81F, 0xF81F, 0xFFFF, 0xFFFF, 0xFFFF, 0xF81F, 0xF81F, 0xF81F, 0xF81F, 0xF81F, 0xF81F, 0xF81F, 0xF81F, 0xF81F, 0xF81F, 0xF81F, 0xF81F, 0xF81F, 0xF81F, 0xF81F,
    0xF81F, 0xF81F, 0xF81F, 0xF81F, 0xF81F, 0xF81F, 0xF81F, 0xF81F, 0xF81F, 0xF81F, 0xF81F, 0xF81F, 0xF81F, 0xF81F, 0xF81F, 0xF81F, 0xF81F, 0xF81F, 0xF81F, 0xF81F, 0xF81F, 0xF81F, 0xFFFF, 0xFFFF, 0xFFFF, 0xF81F, 0xF81F, 0xF81F, 0xF81F, 0xF81F, 0xF81F, 0xF81F, 0xF81F, 0xF81F, 0xF81F, 0xF81F, 0xF81F, 0xF81F, 0xF81F, 0xF81F,
    0xF81F, 0xF81F, 0xF81F, 0xF81F, 0xF81F, 0xF81F, 0xF81F, 0xF81F, 0xF81F, 0xF81F, 0xF81F, 0xF81F, 0xF81F, 0xF81F, 0xF81F, 0xF81F, 0xF81F, 0xF81F, 0xF81F, 0xF81F, 0xF81F, 0xF81F, 0xFFFF, 0xFFFF, 0xFFFF, 0xF81F, 0xF81F, 0xF81F, 0xF81F, 0xF81F, 0xF81F, 0xF81F, 0xF81F, 0xF81F, 0xF81F, 0xF81F, 0xF81F, 0xF81F, 0xF81F, 0xF81F,
    0xF81F, 0xF81F, 0xF81F, 0xF81F, 0xF81F, 0xF81F, 0xF81F, 0xF81F, 0xF81F, 0xF81F, 0xF81F, 0xF81F, 0xF81F, 0xF81F, 0xF81F, 0xF81F, 0xF81F, 0xF81F, 0xF81F, 0xF81F, 0xF81F, 0xF81F, 0xFFFF, 0xFFFF, 0xFFFF, 0xF81F, 0xF81F, 0xF81F, 0xF81F, 0xF81F, 0xF81F, 0xF81F, 0xF81F, 0xF81F, 0xF81F, 0xF81F, 0xF81F, 0xF81F, 0xF81F, 0xF81F,
    0xF81F, 0xF81F, 0xF81F, 0xF81F, 0xF81F, 0xF81F, 0xF81F, 0xF81F, 0xF81F, 0xF81F, 0xF81F, 0xF81F, 0xF81F, 0xF81F, 0xF81F, 0xF81F, 0xF81F, 0xF81F, 0xF81F, 0xF81F, 0xF81F, 0xF81F, 0xFFFF, 0xFFFF, 0xFFFF, 0xF81F, 0xF81F, 0xF81F, 0xF81F, 0xF81F, 0xF81F, 0xF81F, 0xF81F, 0xF81F, 0xF81F, 0xF81F, 0xF81F, 0xF81F, 0xF81F, 0xF81F,
    0xF81F, 0xF81F, 0xF81F, 0xF81F, 0xF81F, 0xF81F, 0xF81F, 0xF81F, 0xF81F, 0xF81F, 0xF81F, 0xF81F, 0xF81F, 0xF81F, 0xF81F, 0xF81F, 0xF81F, 0xF81F, 0xF81F, 0xF81F, 0xF81F, 0xF81F, 0xFFFF, 0xFFFF, 0xFFFF, 0xF81F, 0xF81F, 0xF81F, 0xF81F, 0xF81F, 0xF81F, 0xF81F, 0xF81F, 0xF81F, 0xF81F, 0xF81F, 0xF81F, 0xF81F, 0xF81F, 0xF81F,
    0xF81F, 0xF81F, 0xF81F, 0xF81F, 0xF81F, 0xF81F, 0xF81F, 0xF81F, 0xF81F, 0xF81F, 0xF81F, 0xF81F, 0xF81F, 0xF81F, 0xF81F, 0xF81F, 0xF81F, 0xF81F, 0xF81F, 0xF81F, 0xF81F, 0xF81F, 0xFFFF, 0xFFFF, 0xFFFF, 0xF81F, 0xF81F, 0xF81F, 0xF81F, 0xF81F, 0xF81F, 0xF81F, 0xF81F, 0xF81F, 0xF81F, 0xF81F, 0xF81F, 0xF81F, 0xF81F, 0xF81F,
    0xF81F, 0xF81F, 0xF81F, 0xF81F, 0xF81F, 0xF81F, 0xF81F, 0xF81F, 0xF81F, 0xF81F, 0xF81F, 0xF81F, 0xF81F, 0xF81F, 0xF81F, 0xF81F, 0xF81F, 0xF81F, 0xF81F, 0xF81F, 0xF81F, 0xF81F, 0xFFFF, 0xFFFF, 0xFFFF, 0xF81F, 0xF81F, 0xF81F, 0xF81F, 0xF81F, 0xF81F, 0xF81F, 0xF81F, 0xF81F, 0xF81F, 0xF81F, 0xF81F, 0xF81F, 0xF81F, 0xF81F,
    0xF81F, 0xF81F, 0xF81F, 0xF81F, 0xF81F, 0xF81F, 0xF81F, 0xF81F, 0xF81F, 0xF81F, 0xF81F, 0xF81F, 0xF81F, 0xF81F, 0xF81F, 0xF81F, 0xF81F, 0xF81F, 0xF81F, 0xF81F, 0xF81F, 0xF81F, 0xFFFF, 0xFFFF, 0xFFFF, 0xF81F, 0xF81F, 0xF81F, 0xF81F, 0xF81F, 0xF81F, 0xF81F, 0xF81F, 0xF81F, 0xF81F, 0xF81F, 0xF81F, 0xF81F, 0xF81F, 0xF81F,
    0xF81F, 0xF81F, 0xF81F, 0xF81F, 0xF81F, 0xF81F, 0xF81F, 0xF81F, 0xF81F, 0xF81F, 0xF81F, 0xF81F, 0xF81F, 0xF81F, 0xF81F, 0xF81F, 0xF81F, 0xF81F, 0xF81F, 0xF81F, 0xF81F, 0xF81F, 0xFFFF, 0xFFFF, 0xFFFF, 0xF81F, 0xF81F, 0xF81F, 0xF81F, 0xF81F, 0xF81F, 0xF81F, 0xF81F, 0xF81F, 0xF81F, 0xF81F, 0xF81F, 0xF81F, 0xF81F, 0xF81F,
    0xF81F, 0xF81F, 0xF81F, 0xF81F, 0xF81F, 0xF81F, 0xF81F, 0xF81F, 0xF81F, 0xF81F, 0xF81F, 0xF81F, 0xF81F, 0xF81F, 0xF81F, 0xF81F, 0xF81F, 0xF81F, 0xF81F, 0xF81F, 0xF81F, 0xF81F, 0xF81F, 0xF81F, 0xF81F, 0xF81F, 0xF81F, 0xF81F, 0xF81F, 0xF81F, 0xF81F, 0xF81F, 0xF81F, 0xF81F, 0xF81F, 0xF81F, 0xF81F, 0xF81F, 0xF81F, 0xF81F,
    0xF81F, 0xF81F, 0xF81F, 0xF81F, 0xF81F, 0xF81F, 0xF81F, 0xF81F, 0xF81F, 0xF81F, 0xF81F, 0xF81F, 0xF81F, 0xF81F, 0xF81F, 0xF81F, 0xF81F, 0xF81F, 0xF81F, 0xF81F, 0xF81F, 0xF81F, 0xF81F, 0xF81F, 0xF81F, 0xF81F, 0xF81F, 0xF81F, 0xF81F, 0xF81F, 0xF81F, 0xF81F, 0xF81F, 0xF81F, 0xF81F, 0xF81F, 0xF81F, 0xF81F, 0xF81F, 0xF81F,
    0xF81F, 0xF81F, 0xF81F, 0xF81F, 0xF81F, 0xF81F, 0xF81F, 0xF81F, 0xF81F, 0xF81F, 0xF81F, 0xF81F, 0xF81F, 0xF81F, 0xF81F, 0xF81F, 0xF81F, 0xF81F, 0xF81F, 0xF81F, 0xF81F, 0xF81F, 0xF81F, 0xF81F, 0xF81F, 0xF81F, 0xF81F, 0xF81F, 0xF81F, 0xF81F, 0xF81F, 0xF81F, 0xF81F, 0xF81F, 0xF81F, 0xF81F, 0xF81F, 0xF81F, 0xF81F, 0xF81F,
    0xF81F, 0xF81F, 0xF81F, 0xF81F, 0xF81F, 0xF81F, 0xF81F, 0xF81F, 0xF81F, 0xF81F, 0xF81F, 0xF81F, 0xF81F, 0xF81F, 0xF81F, 0xF81F, 0xF81F, 0xF81F, 0xF81F, 0xF81F, 0xF81F, 0xF81F, 0xF81F, 0xF81F, 0xF81F, 0xF81F, 0xF81F, 0xF81F, 0xF81F, 0xF81F, 0xF81F, 0xF81F, 0xF81F, 0xF81F, 0xF81F, 0xF81F, 0xF81F, 0xF81F, 0xF81F, 0xF81F,
    0xF81F, 0xF81F, 0xF81F, 0xF81F, 0xF81F, 0xF81F, 0xF81F, 0xF81F, 0xF81F, 0xF81F, 0xF81F, 0xF81F, 0xF81F, 0xF81F, 0xF81F, 0xF81F, 0xF81F, 0xF81F, 0xF81F, 0xF81F, 0xF81F, 0xF81F, 0xF81F, 0xF81F, 0xF81F, 0xF81F, 0xF81F, 0xF81F, 0xF81F, 0xF81F, 0xF81F, 0xF81F, 0xF81F, 0xF81F, 0xF81F, 0xF81F, 0xF81F, 0xF81F, 0xF81F, 0xF81F,
    0xF81F, 0xF81F, 0xF81F, 0xF81F, 0xF81F, 0xF81F, 0xF81F, 0xF81F, 0xF81F, 0xF81F, 0xF81F, 0xF81F, 0xF81F, 0xF81F, 0xF81F, 0xF81F, 0xF81F, 0xF81F, 0xF81F, 0xF81F, 0xF81F, 0xF81F, 0xF81F, 0xF81F, 0xF81F, 0xF81F, 0xF81F, 0xF81F, 0xF81F, 0xF81F, 0xF81F, 0xF81F, 0xF81F, 0xF81F, 0xF81F, 0xF81F, 0xF81F, 0xF81F, 0xF81F, 0xF81F,
    0xF81F, 0xF81F, 0xF81F, 0xF81F, 0xF81F, 0xF81F, 0xF81F, 0xF81F, 0xF81F, 0xF81F, 0xF81F, 0xF81F, 0xF81F, 0xF81F, 0xF81F, 0xF81F, 0xF81F, 0xF81F, 0xF81F, 0xF81F, 0xF81F, 0xF81F, 0xF81F, 0xF81F, 0xF81F, 0xF81F, 0xF81F, 0xF81F, 0xF81F, 0xF81F, 0xF81F, 0xF81F, 0xF81F, 0xF81F, 0xF81F, 0xF81F, 0xF81F, 0xF81F, 0xF81F, 0xF81F
};

static const uint16_t UI_ICON_TURN_SLIGHT_RIGHT[UI_ICON_SIZE*UI_ICON_SIZE] = {
    0xF81F, 0xF81F, 0xF81F, 0xF81F, 0xF81F, 0xF81F, 0xF81F, 0xF81F, 0xF81F, 0xF81F, 0xF81F, 0xF81F, 0xF81F, 0xF81F, 0xF81F, 0xF81F, 0xF81F, 0xF81F, 0xF81F, 0xF81F, 0xF81F, 0xF81F, 0xF81F, 0xF81F, 0xF81F, 0xF81F, 0xF81F, 0xF81F, 0xF81F, 0xF81F, 0xF81F, 0xF81F, 0xF81F, 0xF81F, 0xF81F, 0xF81F, 0xF81F, 0xF81F, 0xF81F, 0xF81F,
    0xF81F, 0xF81F, 0xF81F, 0xF81F, 0xF81F, 0xF81F, 0xF81F, 0xF81F, 0xF81F, 0xF81F, 0xF81F, 0xF81F, 0xF81F, 0xF81F, 0xF81F, 0xF81F, 0xF81F, 0xF81F, 0xF81F, 0xF81F, 0xF81F, 0xF81F, 0xF81F, 0xF81F, 0xF81F, 0xF81F, 0xF81F, 0xF81F, 0xF81F, 0xF81F, 0xF81F, 0xF81F, 0xF81F, 0xF81F, 0xF81F, 0xF81F, 0xF81F, 0xF81F, 0xF81F, 0xF81F,
    0xF81F, 0xF81F, 0xF81F, 0xF81F, 0xF81F, 0xF81F, 0xF81F, 0xF81F, 0xF81F, 0xF81F, 0xF81F, 0xF81F, 0xF81F, 0xF81F, 0xF81F, 0xF81F, 0xF81F, 0xF81F, 0xF81F, 0xF81F, 0xF81F, 0xF81F, 0xF81F, 0xF81F, 0xF81F, 0xF81F, 0xF81F, 0xF81F, 0xF81F, 0xF81F, 0xF81F, 0xF81F, 0xF81F, 0xF81F, 0xF81F, 0xF81F, 0xF81F, 0xF81F, 0xF81F, 0xF81F,
    0xF81F, 0xF81F, 0xF81F, 0xF81F, 0xF81F, 0xF81F, 0xF81F, 0xF81F, 0xF81F, 0xF81F, 0xF81F, 0xF81F, 0xF81F, 0xF81F, 0xF81F, 0xF81F, 0xF81F, 0xF81F, 0xF81F, 0xF81F, 0xF81F, 0xF81F, 0xF81F, 0xF81F, 0xF81F, 0xF81F, 0xF81F, 0xF81F, 0xF81F, 0xF81F, 0xF81F, 0xF81F, 0xF81F, 0xF81F, 0xF81F, 0xF81F, 0xF81F, 0xF81F, 0xF81F, 0xF81F,
    0xF81F, 0xF81F, 0xF81F, 0xF81F, 0xF81F, 0xF81F, 0xF81F, 0xF81F, 0xF81F, 0xF81F, 0xF81F, 0xF81F, 0xF81F, 0xF81F, 0xF81F, 0xF81F, 0xF81F, 0xF81F, 0xF81F, 0xF81F, 0xF81F, 0xF81F, 0xF81F, 0xF81F, 0xF81F, 0xF81F, 0xF81F, 0xF81F, 0xF81F, 0xF81F, 0xF81F, 0xF81F, 0xF81F, 0xF81F, 0xF81F, 0xF81F, 0xF81F, 0xF81F, 0xF81F, 0xF81F,
    0xF81F, 0xF81F, 0xF81F, 0xF81F, 0xF81F, 0xF81F, 0xF81F, 0xF81F, 0xF81F, 0xF81F, 0xF81F, 0xF81F, 0xF81F, 0xF81F, 0xF81F, 0xF81F, 0xF81F, 0xF81F, 0xF81F, 0xF81F, 0xF81F, 0xF81F, 0xF81F, 0xF81F, 0xF81F, 0xF81F, 0xF81F, 0xF81F, 0xF81F, 0xF81F, 0xF81F, 0xF81F, 0xF81F, 0xF81F, 0xF81F, 0xF81F, 0xF81F, 0xF81F, 0xF81F, 0xF81F,
    0xF81F, 0xF81F, 0xF81F, 0xF81F, 0xF81F, 0xF81F, 0xF81F, 0xF81F, 0xF81F, 0xF81F, 0xF81F, 0xF81F, 0xF81F, 0xF81F, 0xF81F, 0xF81F, 0xF81F, 0xF81F, 0xF81F, 0xF81F, 0xF81F, 0xF81F, 0xF81F, 0xF81F, 0xF81F, 0xF81F, 0xF81F, 0xF81F, 0xF81F, 0xF81F, 0xF81F, 0xF81F, 0xF81F, 0xF81F, 0xF81F, 0xF81F, 0xF81F, 0xF81F, 0xF81F, 0xF81F,
    0xF81F, 0xF81F, 0xF81F, 0xF81F, 0xF81F, 0xF81F, 0xF81F, 0xF81F, 0xF81F, 0xF81F, 0xF81F, 0xF81F, 0xF81F, 0xF81F, 0xF81F, 0xF81F, 0xF81F, 0xF81F, 0xF81F, 0xF81F, 0xF81F, 0xFFFF, 0xFFFF, 0xFFFF, 0xFFFF, 0xFFFF, 0xFFFF, 0xFFFF, 0xFFFF, 0xFFFF, 0xF81F, 0xF81F, 0xF81F, 0xF81F, 0xF81F, 0xF81F, 0xF81F, 0xF81F, 0xF81F, 0xF81F,
    0xF81F, 0xF81F, 0xF81F, 0xF81F, 0xF81F, 0xF81F, 0xF81F, 0xF81F, 0xF81F, 0xF81F, 0xF81F, 0xF81F, 0xF81F, 0xF81F, 0xF81F, 0xF81F, 0xF81F, 0xF81F, 0xF81F, 0xF81F, 0xF81F, 0xFFFF, 0xFFFF, 0xFFFF, 0xFFFF, 0xFFFF, 0xFFFF, 0xFFFF, 0xFFFF, 0xFFFF, 0xF81F, 0xF81F, 0xF81F, 0xF81F, 0xF81F, 0xF81F, 0xF81F, 0xF81F, 0xF81F, 0xF81F,
    0xF81F, 0xF81F, 0xF81F, 0xF81F, 0xF81F, 0xF81F, 0xF81F, 0xF81F, 0xF81F, 0xF81F, 0xF81F, 0xF81F, 0xF81F, 0xF81F, 0xF81F, 0xF81F, 0xF81F, 0xF81F, 0xF81F, 0xF81F, 0xF81F, 0xFFFF, 0xFFFF, 0xFFFF, 0xFFFF, 0xFFFF, 0xFFFF, 0xFFFF, 0xFFFF, 0xFFFF, 0xF81F, 0xF81F, 0xF81F, 0xF81F, 0xF81F, 0xF81F, 0xF81F, 0xF81F, 0xF81F, 0xF81F,
    0xF81F, 0xF81F, 0xF81F, 0xF81F, 0xF81F, 0xF81F, 0xF81F, 0xF81F, 0xF81F, 0xF81F, 0xF81F, 0xF81F, 0xF81F, 0xF81F, 0xF81F, 0xF81F, 0xF81F, 0xF81F, 0xF81F, 0xF81F, 0xF81F, 0xF81F, 0xF81F, 0xF81F, 0xFFFF, 0xFFFF, 0xFFFF, 0xFFFF, 0xFFFF, 0xFFFF, 0xF81F, 0xF81F, 0xF81F, 0xF81F, 0xF81F, 0xF81F, 0xF81F, 0xF81F, 0xF81F, 0xF81F,
    0xF81F, 0xF81F, 0xF81F, 0xF81F, 0xF81F, 0xF81F, 0xF81F, 0xF81F, 0xF81F, 0xF81F, 0xF81F, 0xF81F, 0xF81F, 0xF81F, 0xF81F, 0xF81F, 0xF81F, 0xF81F, 0xF81F, 0xF81F, 0xF81F, 0xF81F, 0xF81F, 0xFFFF, 0xFFFF, 0xFFFF, 0xFFFF, 0xFFFF, 0xFFFF, 0xFFFF, 0xF81F, 0xF81F, 0xF81F, 0xF81F, 0xF81F, 0xF81F, 0xF81F, 0xF81F, 0xF81F, 0xF81F,
    0xF81F, 0xF81F, 0xF81F, 0xF81F, 0xF81F, 0xF81F, 0xF81F, 0xF81F, 0xF81F, 0xF81F, 0xF81F, 0xF81F, 0xF81F, 0xF81F, 0xF81F, 0xF81F, 0xF81F, 0xF81F, 0xF81F, 0xF81F, 0xF81F, 0xF81F, 0xFFFF, 0xFFFF, 0xFFFF, 0xFFFF, 0xFFFF, 0xFFFF, 0xFFFF, 0xFFFF, 0xF81F, 0xF81F, 0xF81F, 0xF81F, 0xF81F, 0xF81F, 0xF81F, 0xF81F, 0xF81F, 0xF81F,
    0xF81F, 0xF81F, 0xF81F, 0xF81F, 0xF81F, 0xF81F, 0xF81F, 0xF81F, 0xF81F, 0xF81F, 0xF81F, 0xF81F, 0xF81F, 0xF81F, 0xF81F, 0xF81F, 0xF81F, 0xF81F, 0xF81F, 0xF81F, 0xF81F, 0xFFFF, 0xFFFF, 0xFFFF, 0xFFFF, 0xF81F, 0xF81F, 0xFFFF, 0xFFFF, 0xFFFF, 0xF81F, 0xF81F, 0xF81F, 0xF81F, 0xF81F, 0xF81F, 0xF81F, 0xF81F, 0xF81F, 0xF81F,
    0xF81F, 0xF81F, 0xF81F, 0xF81F, 0xF81F, 0xF81F, 0xF81F, 0xF81F, 0xF81F, 0xF81F, 0xF81F, 0xF81F, 0xF81F, 0xF81F, 0xF81F, 0xF81F, 0xF81F, 0xF81F, 0xF81F, 0xF81F, 0xFFFF, 0xFFFF, 0xFFFF, 0xFFFF, 0xFFFF, 0xF81F, 0xF81F, 0xFFFF, 0xFFFF, 0xFFFF, 0xF81F, 0xF81F, 0xF81F, 0xF81F, 0xF81F, 0xF81F, 0xF81F, 0xF81F, 0xF81F, 0xF81F,
    0xF81F, 0xF81F, 0xF81F, 0xF81F, 0xF81F, 0xF81F, 0xF81F, 0xF81F, 0xF81F, 0xF81F, 0xF81F, 0xF81F, 0xF81F, 0xF81F, 0xF81F, 0xF81F, 0xF81F, 0xF81F, 0xF81F, 0xFFFF, 0xFFFF, 0xFFFF, 0xFFFF, 0xFFFF, 0xF81F, 0xF81F, 0xF81F, 0xFFFF, 0xFFFF, 0xFFFF, 0xF81F, 0xF81F, 0xF81F, 0xF81F, 0xF81F, 0xF81F, 0xF81F, 0xF81F, 0xF81F, 0xF81F,
    0xF81F, 0xF81F, 0xF81F, 0xF81F, 0xF81F, 0xF81F, 0xF81F, 0xF81F, 0xF81F, 0xF81F, 0xF81F, 0xF81F, 0xF81F, 0xF81F, 0xF81F, 0xF81F, 0xF81F, 0xF81F, 0xFFFF, 0xFFFF, 0xFFFF, 0xFFFF, 0xFFFF, 0xF81F, 0xF81F, 0xF81F, 0xF81F, 0xF81F, 0xF81F, 0xF81F, 0xF81F, 0xF81F, 0xF81F, 0xF81F, 0xF81F, 0xF81F, 0xF81F, 0xF81F, 0xF81F, 0xF81F,
    0xF81F, 0xF81F, 0xF81F, 0xF81F, 0xF81F, 0xF81F, 0xF81F, 0xF81F, 0xF81F, 0xF81F, 0xF81F, 0xF81F, 0xF81F, 0xF81F, 0xF81F, 0xF81F, 0xF81F, 0xFFFF, 0xFFFF, 0xFFFF, 0xFFFF, 0xFFFF, 0xF81F, 0xF81F, 0xF81F, 0xF81F, 0xF81F, 0xF81F, 0xF81F, 0xF81F, 0xF81F, 0xF81F, 0xF81F, 0xF81F, 0xF81F, 0xF81F, 0xF81F, 0xF81F, 0xF81F, 0xF81F,
    0xF81F, 0xF81F, 0xF81F, 0xF81F, 0xF81F, 0xF81F, 0xF81F, 0xF81F, 0xF81F, 0xF81F, 0xF81F, 0xF81F, 0xF81F, 0xF81F, 0xF81F, 0xF81F, 0xFFFF, 0xFFFF, 0xFFFF, 0xFFFF, 0xFFFF, 0xF81F, 0xF81F, 0xF81F, 0xF81F, 0xF81F, 0xF81F, 0xF81F, 0xF81F, 0xF81F, 0xF81F, 0xF81F, 0xF81F, 0xF81F, 0xF81F, 0xF81F, 0xF81F, 0xF81F, 0xF81F, 0xF81F,
    0xF81F, 0xF81F, 0xF81F, 0xF81F, 0xF81F, 0xF81F, 0xF81F, 0xF81F, 0xF81F, 0xF81F, 0xF81F, 0xF81F, 0xF81F, 0xF81F, 0xF81F, 0xFFFF, 0xFFFF, 0xFFFF, 0xFFFF, 0xFFFF, 0xF81F, 0xF81F, 0xF81F, 0xF81F, 0xF81F, 0xF81F, 0xF81F, 0xF81F, 0xF81F, 0xF81F, 0xF81F, 0xF81F, 0xF81F, 0xF81F, 0xF81F, 0xF81F, 0xF81F, 0xF81F, 0xF81F, 0xF81F,
    0xF81F, 0xF81F, 0xF81F, 0xF81F, 0xF81F, 0xF81F, 0xF81F, 0xF81F, 0xF81F, 0xF81F, 0xF81F, 0xF81F, 0xF81F, 0xF81F, 0xF81F, 0xFFFF, 0xFFFF, 0xFFFF, 0xFFFF, 0xF81F, 0xF81F, 0xF81F, 0xF81F, 0xF81F, 0xF81F, 0xF81F, 0xF81F, 0xF81F, 0xF81F, 0xF81F, 0xF81F, 0xF81F, 0xF81F, 0xF81F, 0xF81F, 0xF81F, 0xF81F, 0xF81F, 0xF81F, 0xF81F,
    0xF81F, 0xF81F, 0xF81F, 0xF81F, 0xF81F, 0xF81F, 0xF81F, 0xF81F, 0xF81F, 0xF81F, 0xF81F, 0xF81F, 0xF81F, 0xF81F, 0xF81F, 0xFFFF, 0xFFFF, 0xFFFF, 0xF81F, 0xF81F, 0xF81F, 0xF81F, 0xF81F, 0xF81F, 0xF81F, 0xF81F, 0xF81F, 0xF81F, 0xF81F, 0xF81F, 0xF81F, 0xF81F, 0xF81F, 0xF81F, 0xF81F, 0xF81F, 0xF81F, 0xF81F, 0xF81F, 0xF81F,
    0xF81F, 0xF81F, 0xF81F, 0xF81F, 0xF81F, 0xF81F, 0xF81F, 0xF81F, 0xF81F, 0xF81F, 0xF81F, 0xF81F, 0xF81F, 0xF81F, 0xF81F, 0xFFFF, 0xFFFF, 0xFFFF, 0xF81F, 0xF81F, 0xF81F, 0xF81F, 0xF81F, 0xF81F, 0xF81F, 0xF81F, 0xF81F, 0xF81F, 0xF81F, 0xF81F, 0xF81F, 0xF81F, 0xF81F, 0xF81F, 0xF81F, 0xF81F, 0xF81F, 0xF81F, 0xF81F, 0xF81F,
    0xF81F, 0xF81F, 0xF81F, 0xF81F, 0xF81F, 0xF81F, 0xF81F, 0xF81F, 0xF81F, 0xF81F, 0xF81F, 0xF81F, 0xF81F, 0xF81F, 0xF81F, 0xFFFF, 0xFFFF, 0xFFFF, 0xF81F, 0xF81F, 0xF81F, 0xF81F, 0xF81F, 0xF81F, 0xF81F, 0xF81F, 0xF81F, 0xF81F, 0xF81F, 0xF81F, 0xF81F, 0xF81F, 0xF81F, 0xF81F, 0xF81F, 0xF81F, 0xF81F, 0xF81F, 0xF81F, 0xF81F,
    0xF81F, 0xF81F, 0xF81F, 0xF81F, 0xF81F, 0xF81F, 0xF81F, 0xF81F, 0xF81F, 0xF81F, 0xF81F, 0xF81F, 0xF81F, 0xF81F, 0xF81F, 0xFFFF, 0xFFFF, 0xFFFF, 0xF81F, 0xF81F, 0xF81F, 0xF81F, 0xF81F, 0xF81F, 0xF81F, 0xF81F, 0xF81F, 0xF81F, 0xF81F, 0xF81F, 0xF81F, 0xF81F, 0xF81F, 0xF81F, 0xF81F, 0xF81F, 0xF81F, 0xF81F, 0xF81F, 0xF81F,
    0xF81F, 0xF81F, 0xF81F, 0xF81F, 0xF81F, 0xF81F, 0xF81F, 0xF81F, 0xF81F, 0xF81F, 0xF81F, 0xF81F, 0xF81F, 0xF81F, 0xF81F, 0xFFFF, 0xFFFF, 0xFFFF, 0xF81F, 0xF81F, 0xF81F, 0xF81F, 0xF81F, 0xF81F, 0xF81F, 0xF81F, 0xF81F, 0xF81F, 0xF81F, 0xF81F, 0xF81F, 0xF81F, 0xF81F, 0xF81F, 0xF81F, 0xF81F, 0xF81F, 0xF81F, 0xF81F, 0xF81F,
    0xF81F, 0xF81F, 0xF81F, 0xF81F, 0xF81F, 0xF81F, 0xF81F, 0xF81F, 0xF81F, 0xF81F, 0xF81F, 0xF81F, 0xF81F, 0xF81F, 0xF81F, 0xFFFF, 0xFFFF, 0xFFFF, 0xF81F, 0xF81F, 0xF81F, 0xF81F, 0xF81F, 0xF81F, 0xF81F, 0xF81F, 0xF81F, 0xF81F, 0xF81F, 0xF81F, 0xF81F, 0xF81F, 0xF81F, 0xF81F, 0xF81F, 0xF81F, 0xF81F, 0xF81F, 0xF81F, 0xF81F,
    0xF81F, 0xF81F, 0xF81F, 0xF81F, 0xF81F, 0xF81F, 0xF81F, 0xF81F, 0xF81F, 0xF81F, 0xF81F, 0xF81F, 0xF81F, 0xF81F, 0xF81F, 0xFFFF, 0xFFFF, 0xFFFF, 0xF81F, 0xF81F, 0xF81F, 0xF81F, 0xF81F, 0xF81F, 0xF81F, 0xF81F, 0xF81F, 0xF81F, 0xF81F, 0xF81F, 0xF81F, 0xF81F, 0xF81F, 0xF81F, 0xF81F, 0xF81F, 0xF81F, 0xF81F, 0xF81F, 0xF81F,
    0xF81F, 0xF81F, 0xF81F, 0xF81F, 0xF81F, 0xF81F, 0xF81F, 0xF81F, 0xF81F, 0xF81F, 0xF81F, 0xF81F, 0xF81F, 0xF81F, 0xF81F, 0xFFFF, 0xFFFF, 0xFFFF, 0xF81F, 0xF81F, 0xF81F, 0xF81F, 0xF81F, 0xF81F, 0xF81F, 0xF81F, 0xF81F, 0xF81F, 0xF81F, 0xF81F, 0xF81F, 0xF81F, 0xF81F, 0xF81F, 0xF81F, 0xF81F, 0xF81F, 0xF81F, 0xF81F, 0xF81F,
    0xF81F, 0xF81F, 0xF81F, 0xF81F, 0xF81F, 0xF81F, 0xF81F, 0xF81F, 0xF81F, 0xF81F, 0xF81F, 0xF81F, 0xF81F, 0xF81F, 0xF81F, 0xFFFF, 0xFFFF, 0xFFFF, 0xF81F, 0xF81F, 0xF81F, 0xF81F, 0xF81F, 0xF81F, 0xF81F, 0xF81F, 0xF81F, 0xF81F, 0xF81F, 0xF81F, 0xF81F, 0xF81F, 0xF81F, 0xF81F, 0xF81F, 0xF81F, 0xF81F, 0xF81F, 0xF81F, 0xF81F,
    0xF81F, 0xF81F, 0xF81F, 0xF81F, 0xF81F, 0xF81F, 0xF81F, 0xF81F, 0xF81F, 0xF81F, 0xF81F, 0xF81F, 0xF81F, 0xF81F, 0xF81F, 0xFFFF, 0xFFFF, 0xFFFF, 0xF81F, 0xF81F, 0xF81F, 0xF81F, 0xF81F, 0xF81F, 0xF81F, 0xF81F, 0xF81F, 0xF81F, 0xF81F, 0xF81F, 0xF81F, 0xF81F, 0xF81F, 0xF81F, 0xF81F, 0xF81F, 0xF81F, 0xF81F, 0xF81F, 0xF81F,
    0xF81F, 0xF81F, 0xF81F, 0xF81F, 0xF81F, 0xF81F, 0xF81F, 0xF81F, 0xF81F, 0xF81F, 0xF81F, 0xF81F, 0xF81F, 0xF81F, 0xF81F, 0xFFFF, 0xFFFF, 0xFFFF, 0xF81F, 0xF81F, 0xF81F, 0xF81F, 0xF81F, 0xF81F, 0xF81F, 0xF81F, 0xF81F, 0xF81F, 0xF81F, 0xF81F, 0xF81F, 0xF81F, 0xF81F, 0xF81F, 0xF81F, 0xF81F, 0xF81F, 0xF81F, 0xF81F, 0xF81F,
    0xF81F, 0xF81F, 0xF81F, 0xF81F, 0xF81F, 0xF81F, 0xF81F, 0xF81F, 0xF81F, 0xF81F, 0xF81F, 0xF81F, 0xF81F, 0xF81F, 0xF81F, 0xFFFF, 0xFFFF, 0xFFFF, 0xF81F, 0xF81F, 0xF81F, 0xF81F, 0xF81F, 0xF81F, 0xF81F, 0xF81F, 0xF81F, 0xF81F, 0xF81F, 0xF81F, 0xF81F, 0xF81F, 0xF81F, 0xF81F, 0xF81F, 0xF81F, 0xF81F, 0xF81F, 0xF81F, 0xF81F,
    0xF81F, 0xF81F, 0xF81F, 0xF81F, 0xF81F, 0xF81F, 0xF81F, 0xF81F, 0xF81F, 0xF81F, 0xF81F, 0xF81F, 0xF81F, 0xF81F, 0xF81F, 0xF81F, 0xF81F, 0xF81F, 0xF81F, 0xF81F, 0xF81F, 0xF81F, 0xF81F, 0xF81F, 0xF81F, 0xF81F, 0xF81F, 0xF81F, 0xF81F, 0xF81F, 0xF81F, 0xF81F, 0xF81F, 0xF81F, 0xF81F, 0xF81F, 0xF81F, 0xF81F, 0xF81F, 0xF81F,
    0xF81F, 0xF81F, 0xF81F, 0xF81F, 0xF81F, 0xF81F, 0xF81F, 0xF81F, 0xF81F, 0xF81F, 0xF81F, 0xF81F, 0xF81F, 0xF81F, 0xF81F, 0xF81F, 0xF81F, 0xF81F, 0xF81F, 0xF81F, 0xF81F, 0xF81F, 0xF81F, 0xF81F, 0xF81F, 0xF81F, 0xF81F, 0xF81F, 0xF81F, 0xF81F, 0xF81F, 0xF81F, 0xF81F, 0xF81F, 0xF81F, 0xF81F, 0xF81F, 0xF81F, 0xF81F, 0xF81F,
    0xF81F, 0xF81F, 0xF81F, 0xF81F, 0xF81F, 0xF81F, 0xF81F, 0xF81F, 0xF81F, 0xF81F, 0xF81F, 0xF81F, 0xF81F, 0xF81F, 0xF81F, 0xF81F, 0xF81F, 0xF81F, 0xF81F, 0xF81F, 0xF81F, 0xF81F, 0xF81F, 0xF81F, 0xF81F, 0xF81F, 0xF81F, 0xF81F, 0xF81F, 0xF81F, 0xF81F, 0xF81F, 0xF81F, 0xF81F, 0xF81F, 0xF81F, 0xF81F, 0xF81F, 0xF81F, 0xF81F,
    0xF81F, 0xF81F, 0xF81F, 0xF81F, 0xF81F, 0xF81F, 0xF81F, 0xF81F, 0xF81F, 0xF81F, 0xF81F, 0xF81F, 0xF81F, 0xF81F, 0xF81F, 0xF81F, 0xF81F, 0xF81F, 0xF81F, 0xF81F, 0xF81F, 0xF81F, 0xF81F, 0xF81F, 0xF81F, 0xF81F, 0xF81F, 0xF81F, 0xF81F, 0xF81F, 0xF81F, 0xF81F, 0xF81F, 0xF81F, 0xF81F, 0xF81F, 0xF81F, 0xF81F, 0xF81F, 0xF81F,
    0xF81F, 0xF81F, 0xF81F, 0xF81F, 0xF81F, 0xF81F, 0xF81F, 0xF81F, 0xF81F, 0xF81F, 0xF81F, 0xF81F, 0xF81F, 0xF81F, 0xF81F, 0xF81F, 0xF81F, 0xF81F, 0xF81F, 0xF81F, 0xF81F, 0xF81F, 0xF81F, 0xF81F, 0xF81F, 0xF81F, 0xF81F, 0xF81F, 0xF81F, 0xF81F, 0xF81F, 0xF81F, 0xF81F, 0xF81F, 0xF81F, 0xF81F, 0xF81F, 0xF81F, 0xF81F, 0xF81F,
    0xF81F, 0xF81F, 0xF81F, 0xF81F, 0xF81F, 0xF81F, 0xF81F, 0xF81F, 0xF81F, 0xF81F, 0xF81F, 0xF81F, 0xF81F, 0xF81F, 0xF81F, 0xF81F, 0xF81F, 0xF81F, 0xF81F, 0xF81F, 0xF81F, 0xF81F, 0xF81F, 0xF81F, 0xF81F, 0xF81F, 0xF81F, 0xF81F, 0xF81F, 0xF81F, 0xF81F, 0xF81F, 0xF81F, 0xF81F, 0xF81F, 0xF81F, 0xF81F, 0xF81F, 0xF81F, 0xF81F,
    0xF81F, 0xF81F, 0xF81F, 0xF81F, 0xF81F, 0xF81F, 0xF81F, 0xF81F, 0xF81F, 0xF81F, 0xF81F, 0xF81F, 0xF81F, 0xF81F, 0xF81F, 0xF81F, 0xF81F, 0xF81F, 0xF81F, 0xF81F, 0xF81F, 0xF81F, 0xF81F, 0xF81F, 0xF81F, 0xF81F, 0xF81F, 0xF81F, 0xF81F, 0xF81F, 0xF81F, 0xF81F, 0xF81F, 0xF81F, 0xF81F, 0xF81F, 0xF81F, 0xF81F, 0xF81F, 0xF81F
};

static const uint16_t UI_ICON_STRAIGHT[UI_ICON_SIZE*UI_ICON_SIZE] = {
    0xF81F, 0xF81F, 0xF81F, 0xF81F, 0xF81F, 0xF81F, 0xF81F, 0xF81F, 0xF81F, 0xF81F, 0xF81F, 0xF81F, 0xF81F, 0xF81F, 0xF81F, 0xF81F, 0xF81F, 0xF81F, 0xF81F, 0xF81F, 0xF81F, 0xF81F, 0xF81F, 0xF81F, 0xF81F, 0xF81F, 0xF81F, 0xF81F, 0xF81F, 0xF81F, 0xF81F, 0xF81F, 0xF81F, 0xF81F, 0xF81F, 0xF81F, 0xF81F, 0xF81F, 0xF81F, 0xF81F,
    0xF81F, 0xF81F, 0xF81F, 0xF81F, 0xF81F, 0xF81F, 0xF81F, 0xF81F, 0xF81F, 0xF81F, 0xF81F, 0xF81F, 0xF81F, 0xF81F, 0xF81F, 0xF81F, 0xF81F, 0xF81F, 0xF81F, 0xF81F, 0xF81F, 0xF81F, 0xF81F, 0xF81F, 0xF81F, 0xF81F, 0xF81F, 0xF81F, 0xF81F, 0xF81F, 0xF81F, 0xF81F, 0xF81F, 0xF81F, 0xF81F, 0xF81F, 0xF81F, 0xF81F, 0xF81F, 0xF81F,
    0xF81F, 0xF81F, 0xF81F, 0xF81F, 0xF81F, 0xF81F, 0xF81F, 0xF81F, 0xF81F, 0xF81F, 0xF81F, 0xF81F, 0xF81F, 0xF81F, 0xF81F, 0xF81F, 0xF81F, 0xF81F, 0xF81F, 0xF81F, 0xF81F, 0xF81F, 0xF81F, 0xF81F, 0xF81F, 0xF81F, 0xF81F, 0xF81F, 0xF81F, 0xF81F, 0xF81F, 0xF81F, 0xF81F, 0xF81F, 0xF81F, 0xF81F, 0xF81F, 0xF81F, 0xF81F, 0xF81F,
    0xF81F, 0xF81F, 0xF81F, 0xF81F, 0xF81F, 0xF81F, 0xF81F, 0xF81F, 0xF81F, 0xF81F, 0xF81F, 0xF81F, 0xF81F, 0xF81F, 0xF81F, 0xF81F, 0xF81F, 0xF81F, 0xF81F, 0xF81F, 0xF81F, 0xF81F, 0xF81F, 0xF81F, 0xF81F, 0xF81F, 0xF81F, 0xF81F, 0xF81F, 0xF81F, 0xF81F, 0xF81F, 0xF81F, 0xF81F, 0xF81F, 0xF81F, 0xF81F, 0xF81F, 0xF81F, 0xF81F,
    0xF81F, 0xF81F, 0xF81F, 0xF81F, 0xF81F, 0xF81F, 0xF81F, 0xF81F, 0xF81F, 0xF81F, 0xF81F, 0xF81F, 0xF81F, 0xF81F, 0xF81F, 0xF81F, 0xF81F, 0xF81F, 0xF81F, 0xF81F, 0xF81F, 0xF81F, 0xF81F, 0xF81F, 0xF81F, 0xF81F, 0xF81F, 0xF81F, 0xF81F, 0xF81F, 0xF81F, 0xF81F, 0xF81F, 0xF81F, 0xF81F, 0xF81F, 0xF81F, 0xF81F, 0xF81F, 0xF81F,
    0xF81F, 0xF81F, 0xF81F, 0xF81F, 0xF81F, 0xF81F, 0xF81F, 0xF81F, 0xF81F, 0xF81F, 0xF81F, 0xF81F, 0xF81F, 0xF81F, 0xF81F, 0xF81F, 0xF81F, 0xF81F, 0xF81F, 0xFFFF, 0xFFFF, 0xF81F, 0xF81F, 0xF81F, 0xF81F, 0xF81F, 0xF81F, 0xF81F, 0xF81F, 0xF81F, 0xF81F, 0xF81F, 0xF81F, 0xF81F, 0xF81F, 0xF81F, 0xF81F, 0xF81F, 0xF81F, 0xF81F,
    0xF81F, 0xF81F, 0xF81F, 0xF81F, 0xF81F, 0xF81F, 0xF81F, 0xF81F, 0xF81F, 0xF81F, 0xF81F, 0xF81F, 0xF81F, 0xF81F, 0xF81F, 0xF81F, 0xF81F, 0xF81F, 0xF81F, 0xFFFF, 0xFFFF, 0xFFFF, 0xF81F, 0xF81F, 0xF81F, 0xF81F, 0xF81F, 0xF81F, 0xF81F, 0xF81F, 0xF81F, 0xF81F, 0xF81F, 0xF81F, 0xF81F, 0xF81F, 0xF81F, 0xF81F, 0xF81F, 0xF81F,
    0xF81F, 0xF81F, 0xF81F, 0xF81F, 0xF81F, 0xF81F, 0xF81F, 0xF81F, 0xF81F, 0xF81F, 0xF81F, 0xF81F, 0xF81F, 0xF81F, 0xF81F, 0xF81F, 0xF81F, 0xFFFF, 0xFFFF, 0xFFFF, 0xFFFF, 0xFFFF, 0xFFFF, 0xF81F, 0xF81F, 0xF81F, 0xF81F, 0xF81F, 0xF81F, 0xF81F, 0xF81F, 0xF81F, 0xF81F, 0xF81F, 0xF81F, 0xF81F, 0xF81F, 0xF81F, 0xF81F, 0xF81F,
    0xF81F, 0xF81F, 0xF81F, 0xF81F, 0xF81F, 0xF81F, 0xF81F, 0xF81F, 0xF81F, 0xF81F, 0xF81F, 0xF81F, 0xF81F, 0xF81F, 0xF81F, 0xF81F, 0xFFFF, 0xFFFF, 0xFFFF, 0xFFFF, 0xFFFF, 0xFFFF, 0xFFFF, 0xFFFF, 0xF81F, 0xF81F, 0xF81F, 0xF81F, 0xF81F, 0xF81F, 0xF81F, 0xF81F, 0xF81F, 0xF81F, 0xF81F, 0xF81F, 0xF81F, 0xF81F, 0xF81F, 0xF81F,
    0xF81F, 0xF81F, 0xF81F, 0xF81F, 0xF81F, 0xF81F, 0xF81F, 0xF81F, 0xF81F, 0xF81F, 0xF81F, 0xF81F, 0xF81F, 0xF81F, 0xF81F, 0xFFFF, 0xFFFF, 0xFFFF, 0xFFFF, 0xFFFF, 0xFFFF, 0xFFFF, 0xFFFF, 0xFFFF, 0xFFFF, 0xF81F, 0xF81F, 0xF81F, 0xF81F, 0xF81F, 0xF81F, 0xF81F, 0xF81F, 0xF81F, 0xF81F, 0xF81F, 0xF81F, 0xF81F, 0xF81F, 0xF81F,
    0xF81F, 0xF81F, 0xF81F, 0xF81F, 0xF81F, 0xF81F, 0xF81F, 0xF81F, 0xF81F, 0xF81F, 0xF81F, 0xF81F, 0xF81F, 0xF81F, 0xF81F, 0xFFFF, 0xFFFF, 0xFFFF, 0xFFFF, 0xFFFF, 0xFFFF, 0xFFFF, 0xFFFF, 0xFFFF, 0xFFFF, 0xF81F, 0xF81F, 0xF81F, 0xF81F, 0xF81F, 0xF81F, 0xF81F, 0xF81F, 0xF81F, 0xF81F, 0xF81F, 0xF81F, 0xF81F, 0xF81F, 0xF81F,
    0xF81F, 0xF81F, 0xF81F, 0xF81F, 0xF81F, 0xF81F, 0xF81F, 0xF81F, 0xF81F, 0xF81F, 0xF81F, 0xF81F, 0xF81F, 0xF81F, 0xFFFF, 0xFFFF, 0xFFFF, 0xFFFF, 0xFFFF, 0xFFFF, 0xFFFF, 0xFFFF, 0xFFFF, 0xFFFF, 0xFFFF, 0xFFFF, 0xF81F, 0xF81F, 0xF81F, 0xF81F, 0xF81F, 0xF81F, 0xF81F, 0xF81F, 0xF81F, 0xF81F, 0xF81F, 0xF81F, 0xF81F, 0xF81F,
    0xF81F, 0xF81F, 0xF81F, 0xF81F, 0xF81F, 0xF81F, 0xF81F, 0xF81F, 0xF81F, 0xF81F, 0xF81F, 0xF81F, 0xF81F, 0xF81F, 0xFFFF, 0xFFFF, 0xFFFF, 0xF81F, 0xFFFF, 0xFFFF, 0xFFFF, 0xFFFF, 0xF81F, 0xFFFF, 0xFFFF, 0xFFFF, 0xF81F, 0xF81F, 0xF81F, 0xF81F, 0xF81F, 0xF81F, 0xF81F, 0xF81F, 0xF81F, 0xF81F, 0xF81F, 0xF81F, 0xF81F, 0xF81F,
    0xF81F, 0xF81F, 0xF81F, 0xF81F, 0xF81F, 0xF81F, 0xF81F, 0xF81F, 0xF81F, 0xF81F, 0xF81F, 0xF81F, 0xF81F, 0xF81F, 0xF81F, 0xFFFF, 0xF81F, 0xF81F, 0xFFFF, 0xFFFF, 0xFFFF, 0xFFFF, 0xF81F, 0xF81F, 0xFFFF, 0xF81F, 0xF81F, 0xF81F, 0xF81F, 0xF81F, 0xF81F, 0xF81F, 0xF81F, 0xF81F, 0xF81F, 0xF81F, 0xF81F, 0xF81F, 0xF81F, 0xF81F,
    0xF81F, 0xF81F, 0xF81F, 0xF81F, 0xF81F, 0xF81F, 0xF81F, 0xF81F, 0xF81F, 0xF81F, 0xF81F, 0xF81F, 0xF81F, 0xF81F, 0xF81F, 0xF81F, 0xF81F, 0xF81F, 0xFFFF, 0xFFFF, 0xFFFF, 0xFFFF, 0xF81F, 0xF81F, 0xF81F, 0xF81F, 0xF81F, 0xF81F, 0xF81F, 0xF81F, 0xF81F, 0xF81F, 0xF81F, 0xF81F, 0xF81F, 0xF81F, 0xF81F, 0xF81F, 0xF81F, 0xF81F,
    0xF81F, 0xF81F, 0xF81F, 0xF81F, 0xF81F, 0xF81F, 0xF81F, 0xF81F, 0xF81F, 0xF81F, 0xF81F, 0xF81F, 0xF81F, 0xF81F, 0xF81F, 0xF81F, 0xF81F, 0xF81F, 0xFFFF, 0xFFFF, 0xFFFF, 0xFFFF, 0xF81F, 0xF81F, 0xF81F, 0xF81F, 0xF81F, 0xF81F, 0xF81F, 0xF81F, 0xF81F, 0xF81F, 0xF81F, 0xF81F, 0xF81F, 0xF81F, 0xF81F, 0xF81F, 0xF81F, 0xF81F,
    0xF81F, 0xF81F, 0xF81F, 0xF81F, 0xF81F, 0xF81F, 0xF81F, 0xF81F, 0xF81F, 0xF81F, 0xF81F, 0xF81F, 0xF81F, 0xF81F, 0xF81F, 0xF81F, 0xF81F, 0xF81F, 0xFFFF, 0xFFFF, 0xFFFF, 0xFFFF, 0xF81F, 0xF81F, 0xF81F, 0xF81F, 0xF81F, 0xF81F, 0xF81F, 0xF81F, 0xF81F, 0xF81F, 0xF81F, 0xF81F, 0xF81F, 0xF81F, 0xF81F, 0xF81F, 0xF81F, 0xF81F,
    0xF81F, 0xF81F, 0xF81F, 0xF81F, 0xF81F, 0xF81F, 0xF81F, 0xF81F, 0xF81F, 0xF81F, 0xF81F, 0xF81F, 0xF81F, 0xF81F, 0xF81F, 0xF81F, 0xF81F, 0xF81F, 0xFFFF, 0xFFFF, 0xFFFF, 0xFFFF, 0xF81F, 0xF81F, 0xF81F, 0xF81F, 0xF81F, 0xF81F, 0xF81F, 0xF81F, 0xF81F, 0xF81F, 0xF81F, 0xF81F, 0xF81F, 0xF81F, 0xF81F, 0xF81F, 0xF81F, 0xF81F,
    0xF81F, 0xF81F, 0xF81F, 0xF81F, 0xF81F, 0xF81F, 0xF81F, 0xF81F, 0xF81F, 0xF81F, 0xF81F, 0xF81F, 0xF81F, 0xF81F, 0xF81F, 0xF81F, 0xF81F, 0xF81F, 0xFFFF, 0xFFFF, 0xFFFF, 0xFFFF, 0xF81F, 0xF81F, 0xF81F, 0xF81F, 0xF81F, 0xF81F, 0xF81F, 0xF81F, 0xF81F, 0xF81F, 0xF81F, 0xF81F, 0xF81F, 0xF81F, 0xF81F, 0xF81F, 0xF81F, 0xF81F,
    0xF81F, 0xF81F, 0xF81F, 0xF81F, 0xF81F, 0xF81F, 0xF81F, 0xF81F, 0xF81F, 0xF81F, 0xF81F, 0xF81F, 0xF81F, 0xF81F, 0xF81F, 0xF81F, 0xF81F, 0xF81F, 0xFFFF, 0xFFFF, 0xFFFF, 0xFFFF, 0xF81F, 0xF81F, 0xF81F, 0xF81F, 0xF81F, 0xF81F, 0xF81F, 0xF81F, 0xF81F, 0xF81F, 0xF81F, 0xF81F, 0xF81F, 0xF81F, 0xF81F, 0xF81F, 0xF81F, 0xF81F,
    0xF81F, 0xF81F, 0xF81F, 0xF81F, 0xF81F, 0xF81F, 0xF81F, 0xF81F, 0xF81F, 0xF81F, 0xF81F, 0xF81F, 0xF81F, 0xF81F, 0xF81F, 0xF81F, 0xF81F, 0xF81F, 0xFFFF, 0xFFFF, 0xFFFF, 0xFFFF, 0xF81F, 0xF81F, 0xF81F, 0xF81F, 0xF81F, 0xF81F, 0xF81F, 0xF81F, 0xF81F, 0xF81F, 0xF81F, 0xF81F, 0xF81F, 0xF81F, 0xF81F, 0xF81F, 0xF81F, 0xF81F,
    0xF81F, 0xF81F, 0xF81F, 0xF81F, 0xF81F, 0xF81F, 0xF81F, 0xF81F, 0xF81F, 0xF81F, 0xF81F, 0xF81F, 0xF81F, 0xF81F, 0xF81F, 0xF81F, 0xF81F, 0xF81F, 0xFFFF, 0xFFFF, 0xFFFF, 0xFFFF, 0xF81F, 0xF81F, 0xF81F, 0xF81F, 0xF81F, 0xF81F, 0xF81F, 0xF81F, 0xF81F, 0xF81F, 0xF81F, 0xF81F, 0xF81F, 0xF81F, 0xF81F, 0xF81F, 0xF81F, 0xF81F,
    0xF81F, 0xF81F, 0xF81F, 0xF81F, 0xF81F, 0xF81F, 0xF81F, 0xF81F, 0xF81F, 0xF81F, 0xF81F, 0xF81F, 0xF81F, 0xF81F, 0xF81F, 0xF81F, 0xF81F, 0xF81F, 0xFFFF, 0xFFFF, 0xFFFF, 0xFFFF, 0xF81F, 0xF81F, 0xF81F, 0xF81F, 0xF81F, 0xF81F, 0xF81F, 0xF81F, 0xF81F, 0xF81F, 0xF81F, 0xF81F, 0xF81F, 0xF81F, 0xF81F, 0xF81F, 0xF81F, 0xF81F,
    0xF81F, 0xF81F, 0xF81F, 0xF81F, 0xF81F, 0xF81F, 0xF81F, 0xF81F, 0xF81F, 0xF81F, 0xF81F, 0xF81F, 0xF81F, 0xF81F, 0xF81F, 0xF81F, 0xF81F, 0xF81F, 0xFFFF, 0xFFFF, 0xFFFF, 0xFFFF, 0xF81F, 0xF81F, 0xF81F, 0xF81F, 0xF81F, 0xF81F, 0xF81F, 0xF81F, 0xF81F, 0xF81F, 0xF81F, 0xF81F, 0xF81F, 0xF81F, 0xF81F, 0xF81F, 0xF81F, 0xF81F,
    0xF81F, 0xF81F, 0xF81F, 0xF81F, 0xF81F, 0xF81F, 0xF81F, 0xF81F, 0xF81F, 0xF81F, 0xF81F, 0xF81F, 0xF81F, 0xF81F, 0xF81F, 0xF81F, 0xF81F, 0xF81F, 0xFFFF, 0xFFFF, 0xFFFF, 0xFFFF, 0xF81F, 0xF81F, 0xF81F, 0xF81F, 0xF81F, 0xF81F, 0xF81F, 0xF81F, 0xF81F, 0xF81F, 0xF81F, 0xF81F, 0xF81F, 0xF81F, 0xF81F, 0xF81F, 0xF81F, 0xF81F,
    0xF81F, 0xF81F, 0xF81F, 0xF81F, 0xF81F, 0xF81F, 0xF81F, 0xF81F, 0xF81F, 0xF81F, 0xF81F, 0xF81F, 0xF81F, 0xF81F, 0xF81F, 0xF81F, 0xF81F, 0xF81F, 0xFFFF, 0xFFFF, 0xFFFF, 0xFFFF, 0xF81F, 0xF81F, 0xF81F, 0xF81F, 0xF81F, 0xF81F, 0xF81F, 0xF81F, 0xF81F, 0xF81F, 0xF81F, 0xF81F, 0xF81F, 0xF81F, 0xF81F, 0xF81F, 0xF81F, 0xF81F,
    0xF81F, 0xF81F, 0xF81F, 0xF81F, 0xF81F, 0xF81F, 0xF81F, 0xF81F, 0xF81F, 0xF81F, 0xF81F, 0xF81F, 0xF81F, 0xF81F, 0xF81F, 0xF81F, 0xF81F, 0xF81F, 0xFFFF, 0xFFFF, 0xFFFF, 0xFFFF, 0xF81F, 0xF81F, 0xF81F, 0xF81F, 0xF81F, 0xF81F, 0xF81F, 0xF81F, 0xF81F, 0xF81F, 0xF81F, 0xF81F, 0xF81F, 0xF81F, 0xF81F, 0xF81F, 0xF81F, 0xF81F,
    0xF81F, 0xF81F, 0xF81F, 0xF81F, 0xF81F, 0xF81F, 0xF81F, 0xF81F, 0xF81F, 0xF81F, 0xF81F, 0xF81F, 0xF81F, 0xF81F, 0xF81F, 0xF81F, 0xF81F, 0xF81F, 0xFFFF, 0xFFFF, 0xFFFF, 0xFFFF, 0xF81F, 0xF81F, 0xF81F, 0xF81F, 0xF81F, 0xF81F, 0xF81F, 0xF81F, 0xF81F, 0xF81F, 0xF81F, 0xF81F, 0xF81F, 0xF81F, 0xF81F, 0xF81F, 0xF81F, 0xF81F,
    0xF81F, 0xF81F, 0xF81F, 0xF81F, 0xF81F, 0xF81F, 0xF81F, 0xF81F, 0xF81F, 0xF81F, 0xF81F, 0xF81F, 0xF81F, 0xF81F, 0xF81F, 0xF81F, 0xF81F, 0xF81F, 0xFFFF, 0xFFFF, 0xFFFF, 0xFFFF, 0xF81F, 0xF81F, 0xF81F, 0xF81F, 0xF81F, 0xF81F, 0xF81F, 0xF81F, 0xF81F, 0xF81F, 0xF81F, 0xF81F, 0xF81F, 0xF81F, 0xF81F, 0xF81F, 0xF81F, 0xF81F,
    0xF81F, 0xF81F, 0xF81F, 0xF81F, 0xF81F, 0xF81F, 0xF81F, 0xF81F, 0xF81F, 0xF81F, 0xF81F, 0xF81F, 0xF81F, 0xF81F, 0xF81F, 0xF81F, 0xF81F, 0xF81F, 0xFFFF, 0xFFFF, 0xFFFF, 0xFFFF, 0xF81F, 0xF81F, 0xF81F, 0xF81F, 0xF81F, 0xF81F, 0xF81F, 0xF81F, 0xF81F, 0xF81F, 0xF81F, 0xF81F, 0xF81F, 0xF81F, 0xF81F, 0xF81F, 0xF81F, 0xF81F,
    0xF81F, 0xF81F, 0xF81F, 0xF81F, 0xF81F, 0xF81F, 0xF81F, 0xF81F, 0xF81F, 0xF81F, 0xF81F, 0xF81F, 0xF81F, 0xF81F, 0xF81F, 0xF81F, 0xF81F, 0xF81F, 0xFFFF, 0xFFFF, 0xFFFF, 0xFFFF, 0xF81F, 0xF81F, 0xF81F, 0xF81F, 0xF81F, 0xF81F, 0xF81F, 0xF81F, 0xF81F, 0xF81F, 0xF81F, 0xF81F, 0xF81F, 0xF81F, 0xF81F, 0xF81F, 0xF81F, 0xF81F,
    0xF81F, 0xF81F, 0xF81F, 0xF81F, 0xF81F, 0xF81F, 0xF81F, 0xF81F, 0xF81F, 0xF81F, 0xF81F, 0xF81F, 0xF81F, 0xF81F, 0xF81F, 0xF81F, 0xF81F, 0xF81F, 0xFFFF, 0xFFFF, 0xFFFF, 0xFFFF, 0xF81F, 0xF81F, 0xF81F, 0xF81F, 0xF81F, 0xF81F, 0xF81F, 0xF81F, 0xF81F, 0xF81F, 0xF81F, 0xF81F, 0xF81F, 0xF81F, 0xF81F, 0xF81F, 0xF81F, 0xF81F,
    0xF81F, 0xF81F, 0xF81F, 0xF81F, 0xF81F, 0xF81F, 0xF81F, 0xF81F, 0xF81F, 0xF81F, 0xF81F, 0xF81F, 0xF81F, 0xF81F, 0xF81F, 0xF81F, 0xF81F, 0xF81F, 0xFFFF, 0xFFFF, 0xFFFF, 0xFFFF, 0xF81F, 0xF81F, 0xF81F, 0xF81F, 0xF81F, 0xF81F, 0xF81F, 0xF81F, 0xF81F, 0xF81F, 0xF81F, 0xF81F, 0xF81F, 0xF81F, 0xF81F, 0xF81F, 0xF81F, 0xF81F,
    0xF81F, 0xF81F, 0xF81F, 0xF81F, 0xF81F, 0xF81F, 0xF81F, 0xF81F, 0xF81F, 0xF81F, 0xF81F, 0xF81F, 0xF81F, 0xF81F, 0xF81F, 0xF81F, 0xF81F, 0xF81F, 0xFFFF, 0xFFFF, 0xFFFF, 0xFFFF, 0xF81F, 0xF81F, 0xF81F, 0xF81F, 0xF81F, 0xF81F, 0xF81F, 0xF81F, 0xF81F, 0xF81F, 0xF81F, 0xF81F, 0xF81F, 0xF81F, 0xF81F, 0xF81F, 0xF81F, 0xF81F,
    0xF81F, 0xF81F, 0xF81F, 0xF81F, 0xF81F, 0xF81F, 0xF81F, 0xF81F, 0xF81F, 0xF81F, 0xF81F, 0xF81F, 0xF81F, 0xF81F, 0xF81F, 0xF81F, 0xF81F, 0xF81F, 0xFFFF, 0xFFFF, 0xFFFF, 0xFFFF, 0xF81F, 0xF81F, 0xF81F, 0xF81F, 0xF81F, 0xF81F, 0xF81F, 0xF81F, 0xF81F, 0xF81F, 0xF81F, 0xF81F, 0xF81F, 0xF81F, 0xF81F, 0xF81F, 0xF81F, 0xF81F,
    0xF81F, 0xF81F, 0xF81F, 0xF81F, 0xF81F, 0xF81F, 0xF81F, 0xF81F, 0xF81F, 0xF81F, 0xF81F, 0xF81F, 0xF81F, 0xF81F, 0xF81F, 0xF81F, 0xF81F, 0xF81F, 0xF81F, 0xF81F, 0xF81F, 0xF81F, 0xF81F, 0xF81F, 0xF81F, 0xF81F, 0xF81F, 0xF81F, 0xF81F, 0xF81F, 0xF81F, 0xF81F, 0xF81F, 0xF81F, 0xF81F, 0xF81F, 0xF81F, 0xF81F, 0xF81F, 0xF81F,
    0xF81F, 0xF81F, 0xF81F, 0xF81F, 0xF81F, 0xF81F, 0xF81F, 0xF81F, 0xF81F, 0xF81F, 0xF81F, 0xF81F, 0xF81F, 0xF81F, 0xF81F, 0xF81F, 0xF81F, 0xF81F, 0xF81F, 0xF81F, 0xF81F, 0xF81F, 0xF81F, 0xF81F, 0xF81F, 0xF81F, 0xF81F, 0xF81F, 0xF81F, 0xF81F, 0xF81F, 0xF81F, 0xF81F, 0xF81F, 0xF81F, 0xF81F, 0xF81F, 0xF81F, 0xF81F, 0xF81F,
    0xF81F, 0xF81F, 0xF81F, 0xF81F, 0xF81F, 0xF81F, 0xF81F, 0xF81F, 0xF81F, 0xF81F, 0xF81F, 0xF81F, 0xF81F, 0xF81F, 0xF81F, 0xF81F, 0xF81F, 0xF81F, 0xF81F, 0xF81F, 0xF81F, 0xF81F, 0xF81F, 0xF81F, 0xF81F, 0xF81F, 0xF81F, 0xF81F, 0xF81F, 0xF81F, 0xF81F, 0xF81F, 0xF81F, 0xF81F, 0xF81F, 0xF81F, 0xF81F, 0xF81F, 0xF81F, 0xF81F,
    0xF81F, 0xF81F, 0xF81F, 0xF81F, 0xF81F, 0xF81F, 0xF81F, 0xF81F, 0xF81F, 0xF81F, 0xF81F, 0xF81F, 0xF81F, 0xF81F, 0xF81F, 0xF81F, 0xF81F, 0xF81F, 0xF81F, 0xF81F, 0xF81F, 0xF81F, 0xF81F, 0xF81F, 0xF81F, 0xF81F, 0xF81F, 0xF81F, 0xF81F, 0xF81F, 0xF81F, 0xF81F, 0xF81F, 0xF81F, 0xF81F, 0xF81F, 0xF81F, 0xF81F, 0xF81F, 0xF81F,
    0xF81F, 0xF81F, 0xF81F, 0xF81F, 0xF81F, 0xF81F, 0xF81F, 0xF81F, 0xF81F, 0xF81F, 0xF81F, 0xF81F, 0xF81F, 0xF81F, 0xF81F, 0xF81F, 0xF81F, 0xF81F, 0xF81F, 0xF81F, 0xF81F, 0xF81F, 0xF81F, 0xF81F, 0xF81F, 0xF81F, 0xF81F, 0xF81F, 0xF81F, 0xF81F, 0xF81F, 0xF81F, 0xF81F, 0xF81F, 0xF81F, 0xF81F, 0xF81F, 0xF81F, 0xF81F, 0xF81F
};

static const uint16_t UI_ICON_U_TURN[UI_ICON_SIZE*UI_ICON_SIZE] = {
    0xF81F, 0xF81F, 0xF81F, 0xF81F, 0xF81F, 0xF81F, 0xF81F, 0xF81F, 0xF81F, 0xF81F, 0xF81F, 0xF81F, 0xF81F, 0xF81F, 0xF81F, 0xF81F, 0xF81F, 0xF81F, 0xF81F, 0xF81F, 0xF81F, 0xF81F, 0xF81F, 0xF81F, 0xF81F, 0xF81F, 0xF81F, 0xF81F, 0xF81F, 0xF81F, 0xF81F, 0xF81F, 0xF81F, 0xF81F, 0xF81F, 0xF81F, 0xF81F, 0xF81F, 0xF81F, 0xF81F,
    0xF81F, 0xF81F, 0xF81F, 0xF81F, 0xF81F, 0xF81F, 0xF81F, 0xF81F, 0xF81F, 0xF81F, 0xF81F, 0xF81F, 0xF81F, 0xF81F, 0xF81F, 0xF81F, 0xF81F, 0xF81F, 0xF81F, 0xF81F, 0xF81F, 0xF81F, 0xF81F, 0xF81F, 0xF81F, 0xF81F, 0xF81F, 0xF81F, 0xF81F, 0xF81F, 0xF81F, 0xF81F, 0xF81F, 0xF81F, 0xF81F, 0xF81F, 0xF81F, 0xF81F, 0xF81F, 0xF81F,
    0xF81F, 0xF81F, 0xF81F, 0xF81F, 0xF81F, 0xF81F, 0xF81F, 0xF81F, 0xF81F, 0xF81F, 0xF81F, 0xF81F, 0xF81F, 0xF81F, 0xF81F, 0xF81F, 0xF81F, 0xF81F, 0xF81F, 0xF81F, 0xF81F, 0xF81F, 0xF81F, 0xF81F, 0xF81F, 0xF81F, 0xF81F, 0xF81F, 0xF81F, 0xF81F, 0xF81F, 0xF81F, 0xF81F, 0xF81F, 0xF81F, 0xF81F, 0xF81F, 0xF81F, 0xF81F, 0xF81F,
    0xF81F, 0xF81F, 0xF81F, 0xF81F, 0xF81F, 0xF81F, 0xF81F, 0xF81F, 0xF81F, 0xF81F, 0xF81F, 0xF81F, 0xF81F, 0xF81F, 0xF81F, 0xF81F, 0xF81F, 0xF81F, 0xF81F, 0xF81F, 0xF81F, 0xF81F, 0xF81F, 0xF81F, 0xF81F, 0xF81F, 0xF81F, 0xF81F, 0xF81F, 0xF81F, 0xF81F, 0xF81F, 0xF81F, 0xF81F, 0xF81F, 0xF81F, 0xF81F, 0xF81F, 0xF81F, 0xF81F,
    0xF81F, 0xF81F, 0xF81F, 0xF81F, 0xF81F, 0xF81F, 0xF81F, 0xF81F, 0xF81F, 0xF81F, 0xF81F, 0xF81F, 0xF81F, 0xF81F, 0xF81F, 0xF81F, 0xF81F, 0xF81F, 0xF81F, 0xF81F, 0xF81F, 0xF81F, 0xF81F, 0xF81F, 0xF81F, 0xF81F, 0xF81F, 0xF81F, 0xF81F, 0xF81F, 0xF81F, 0xF81F, 0xF81F, 0xF81F, 0xF81F, 0xF81F, 0xF81F, 0xF81F, 0xF81F, 0xF81F,
    0xF81F, 0xF81F, 0xF81F, 0xF81F, 0xF81F, 0xF81F, 0xF81F, 0xF81F, 0xF81F, 0xF81F, 0xF81F, 0xF81F, 0xF81F, 0xF81F, 0xF81F, 0xF81F, 0xF81F, 0xFFFF, 0xFFFF, 0xFFFF, 0xFFFF, 0xFFFF, 0xFFFF, 0xF81F, 0xF81F, 0xF81F, 0xF81F, 0xF81F, 0xF81F, 0xF81F, 0xF81F, 0xF81F, 0xF81F, 0xF81F, 0xF81F, 0xF81F, 0xF81F, 0xF81F, 0xF81F, 0xF81F,
    0xF81F, 0xF81F, 0xF81F, 0xF81F, 0xF81F, 0xF81F, 0xF81F, 0xF81F, 0xF81F, 0xF81F, 0xF81F, 0xF81F, 0xF81F, 0xF81F, 0xF81F, 0xFFFF, 0xFFFF, 0xFFFF, 0xFFFF, 0xFFFF, 0xFFFF, 0xFFFF, 0xFFFF, 0xFFFF, 0xFFFF, 0xF81F, 0xF81F, 0xF81F, 0xF81F, 0xF81F, 0xF81F, 0xF81F, 0xF81F, 0xF81F, 0xF81F, 0xF81F, 0xF81F, 0xF81F, 0xF81F, 0xF81F,
    0xF81F, 0xF81F, 0xF81F, 0xF81F, 0xF81F, 0xF81F, 0xF81F, 0xF81F, 0xF81F, 0xF81F, 0xF81F, 0xF81F, 0xF81F, 0xFFFF, 0xFFFF, 0xFFFF, 0xFFFF, 0xFFFF, 0xFFFF, 0xFFFF, 0xFFFF, 0xFFFF, 0xFFFF, 0xFFFF, 0xFFFF, 0xFFFF, 0xFFFF, 0xF81F, 0xF81F, 0xF81F, 0xF81F, 0xF81F, 0xF81F, 0xF81F, 0xF81F, 0xF81F, 0xF81F, 0xF81F, 0xF81F, 0xF81F,
    0xF81F, 0xF81F, 0xF81F, 0xF81F, 0xF81F, 0xF81F, 0xF81F, 0xF81F, 0xF81F, 0xF81F, 0xF81F, 0xF81F, 0xFFFF, 0xFFFF, 0xFFFF, 0xFFFF, 0xFFFF, 0xFFFF, 0xFFFF, 0xF81F, 0xF81F, 0xFFFF, 0xFFFF, 0xFFFF, 0xFFFF, 0xFFFF, 0xFFFF, 0xFFFF, 0xF81F, 0xF81F, 0xF81F, 0xF81F, 0xF81F, 0xF81F, 0xF81F, 0xF81F, 0xF81F, 0xF81F, 0xF81F, 0xF81F,
    0xF81F, 0xF81F, 0xF81F, 0xF81F, 0xF81F, 0xF81F, 0xF81F, 0xF81F, 0xF81F, 0xF81F, 0xF81F, 0xF81F, 0xFFFF, 0xFFFF, 0xFFFF, 0xFFFF, 0xF81F, 0xF81F, 0xF81F, 0xF81F, 0xF81F, 0xF81F, 0xF81F, 0xF81F, 0xFFFF, 0xFFFF, 0xFFFF, 0xFFFF, 0xF81F, 0xF81F, 0xF81F, 0xF81F, 0xF81F, 0xF81F, 0xF81F, 0xF81F, 0xF81F, 0xF81F, 0xF81F, 0xF81F,
    0xF81F, 0xF81F, 0xF81F, 0xF81F, 0xF81F, 0xF81F, 0xF81F, 0xF81F, 0xF81F, 0xF81F, 0xF81F, 0xFFFF, 0xFFFF, 0xFFFF, 0xFFFF, 0xF81F, 0xF81F, 0xF81F, 0xF81F, 0xF81F, 0xF81F, 0xF81F, 0xF81F, 0xF81F, 0xF81F, 0xFFFF, 0xFFFF, 0xFFFF, 0xFFFF, 0xF81F, 0xF81F, 0xF81F, 0xF81F, 0xF81F, 0xF81F, 0xF81F, 0xF81F, 0xF81F, 0xF81F, 0xF81F,
    0xF81F, 0xF81F, 0xF81F, 0xF81F, 0xF81F, 0xF81F, 0xF81F, 0xF81F, 0xF81F, 0xF81F, 0xF81F, 0xFFFF, 0xFFFF, 0xFFFF, 0xF81F, 0xF81F, 0xF81F, 0xF81F, 0xF81F, 0xF81F, 0xF81F, 0xF81F, 0xF81F, 0xF81F, 0xF81F, 0xF81F, 0xFFFF, 0xFFFF, 0xFFFF, 0xF81F, 0xF81F, 0xF81F, 0xF81F, 0xF81F, 0xF81F, 0xF81F, 0xF81F, 0xF81F, 0xF81F, 0xF81F,
    0xF81F, 0xF81F, 0xF81F, 0xF81F, 0xF81F, 0xF81F, 0xF81F, 0xF81F, 0xF81F, 0xF81F, 0xFFFF, 0xFFFF, 0xFFFF, 0xFFFF, 0xF81F, 0xF81F, 0xF81F, 0xF81F, 0xF81F, 0xF81F, 0xF81F, 0xF81F, 0xF81F, 0xF81F, 0xF81F, 0xF81F, 0xFFFF, 0xFFFF, 0xFFFF, 0xFFFF, 0xF81F, 0xF81F, 0xF81F, 0xF81F, 0xF81F, 0xF81F, 0xF81F, 0xF81F, 0xF81F, 0xF81F,
    0xF81F, 0xF81F, 0xF81F, 0xF81F, 0xF81F, 0xF81F, 0xF81F, 0xF81F, 0xF81F, 0xF81F, 0xFFFF, 0xFFFF, 0xFFFF, 0xFFFF, 0xF81F, 0xF81F, 0xF81F, 0xF81F, 0xF81F, 0xF81F, 0xF81F, 0xF81F, 0xF81F, 0xF81F, 0xF81F, 0xF81F, 0xFFFF, 0xFFFF, 0xFFFF, 0xFFFF, 0xF81F, 0xF81F, 0xF81F, 0xF81F, 0xF81F, 0xF81F, 0xF81F, 0xF81F, 0xF81F, 0xF81F,
    0xF81F, 0xF81F, 0xF81F, 0xF81F, 0xF81F, 0xF81F, 0xF81F, 0xF81F, 0xF81F, 0xF81F, 0xFFFF, 0xFFFF, 0xFFFF, 0xF81F, 0xF81F, 0xF81F, 0xF81F, 0xF81F, 0xF81F, 0xF81F, 0xF81F, 0xF81F, 0xF81F, 0xF81F, 0xF81F, 0xF81F, 0xF81F, 0xFFFF, 0xFFFF, 0xFFFF, 0xF81F, 0xF81F, 0xF81F, 0xF81F, 0xF81F, 0xF81F, 0xF81F, 0xF81F, 0xF81F, 0xF81F,
    0xF81F, 0xF81F, 0xF81F, 0xF81F, 0xF81F, 0xF81F, 0xF81F, 0xF81F, 0xF81F, 0xF81F, 0xFFFF, 0xFFFF, 0xFFFF, 0xF81F, 0xF81F, 0xF81F, 0xF81F, 0xF81F, 0xF81F, 0xF81F, 0xF81F, 0xF81F, 0xF81F, 0xF81F, 0xF81F, 0xF81F, 0xF81F, 0xFFFF, 0xFFFF, 0xFFFF, 0xF81F, 0xF81F, 0xF81F, 0xF81F, 0xF81F, 0xF81F, 0xF81F, 0xF81F, 0xF81F, 0xF81F,
    0xF81F, 0xF81F, 0xF81F, 0xF81F, 0xF81F, 0xF81F, 0xF81F, 0xF81F, 0xF81F, 0xF81F, 0xFFFF, 0xFFFF, 0xFFFF, 0xF81F, 0xF81F, 0xF81F, 0xF81F, 0xF81F, 0xF81F, 0xF81F, 0xF81F, 0xF81F, 0xF81F, 0xF81F, 0xF81F, 0xF81F, 0xF81F, 0xFFFF, 0xFFFF, 0xFFFF, 0xF81F, 0xF81F, 0xF81F, 0xF81F, 0xF81F, 0xF81F, 0xF81F, 0xF81F, 0xF81F, 0xF81F,
    0xF81F, 0xF81F, 0xF81F, 0xF81F, 0xF81F, 0xF81F, 0xF81F, 0xF81F, 0xF81F, 0xF81F, 0xFFFF, 0xFFFF, 0xFFFF, 0xF81F, 0xF81F, 0xF81F, 0xF81F, 0xF81F, 0xF81F, 0xF81F, 0xF81F, 0xF81F, 0xF81F, 0xF81F, 0xF81F, 0xF81F, 0xF81F, 0xFFFF, 0xFFFF, 0xFFFF, 0xF81F, 0xF81F, 0xF81F, 0xF81F, 0xF81F, 0xF81F, 0xF81F, 0xF81F, 0xF81F, 0xF81F,
    0xF81F, 0xF81F, 0xF81F, 0xF81F, 0xF81F, 0xF81F, 0xF81F, 0xF81F, 0xF81F, 0xF81F, 0xFFFF, 0xFFFF, 0xFFFF, 0xF81F, 0xF81F, 0xF81F, 0xF81F, 0xF81F, 0xF81F, 0xF81F, 0xF81F, 0xF81F, 0xF81F, 0xF81F, 0xF81F, 0xF81F, 0xF81F, 0xFFFF, 0xFFFF, 0xFFFF, 0xF81F, 0xF81F, 0xF81F, 0xF81F, 0xF81F, 0xF81F, 0xF81F, 0xF81F, 0xF81F, 0xF81F,
    0xF81F, 0xF81F, 0xF81F, 0xF81F, 0xF81F, 0xF81F, 0xF81F, 0xF81F, 0xF81F, 0xF81F, 0xFFFF, 0xFFFF, 0xFFFF, 0xF81F, 0xF81F, 0xF81F, 0xF81F, 0xF81F, 0xF81F, 0xF81F, 0xF81F, 0xF81F, 0xF81F, 0xF81F, 0xF81F, 0xF81F, 0xF81F, 0xFFFF, 0xFFFF, 0xFFFF, 0xF81F, 0xF81F, 0xF81F, 0xF81F, 0xF81F, 0xF81F, 0xF81F, 0xF81F, 0xF81F, 0xF81F,
    0xF81F, 0xF81F, 0xF81F, 0xF81F, 0xF81F, 0xF81F, 0xFFFF, 0xFFFF, 0xFFFF, 0xF81F, 0xFFFF, 0xFFFF, 0xFFFF, 0xF81F, 0xF81F, 0xFFFF, 0xFFFF, 0xF81F, 0xF81F, 0xF81F, 0xF81F, 0xF81F, 0xF81F, 0xF81F, 0xF81F, 0xF81F, 0xF81F, 0xFFFF, 0xFFFF, 0xFFFF, 0xF81F, 0xF81F, 0xF81F, 0xF81F, 0xF81F, 0xF81F, 0xF81F, 0xF81F, 0xF81F, 0xF81F,
    0xF81F, 0xF81F, 0xF81F, 0xF81F, 0xF81F, 0xFFFF, 0xFFFF, 0xFFFF, 0xFFFF, 0xFFFF, 0xFFFF, 0xFFFF, 0xFFFF, 0xFFFF, 0xFFFF, 0xFFFF, 0xFFFF, 0xFFFF, 0xF81F, 0xF81F, 0xF81F, 0xF81F, 0xF81F, 0xF81F, 0xF81F, 0xF81F, 0xF81F, 0xFFFF, 0xFFFF, 0xFFFF, 0xF81F, 0xF81F, 0xF81F, 0xF81F, 0xF81F, 0xF81F, 0xF81F, 0xF81F, 0xF81F, 0xF81F,
    0xF81F, 0xF81F, 0xF81F, 0xF81F, 0xF81F, 0xF81F, 0xFFFF, 0xFFFF, 0xFFFF, 0xFFFF, 0xFFFF, 0xFFFF, 0xFFFF, 0xFFFF, 0xFFFF, 0xFFFF, 0xFFFF, 0xFFFF, 0xF81F, 0xF81F, 0xF81F, 0xF81F, 0xF81F, 0xF81F, 0xF81F, 0xF81F, 0xF81F, 0xFFFF, 0xFFFF, 0xFFFF, 0xF81F, 0xF81F, 0xF81F, 0xF81F, 0xF81F, 0xF81F, 0xF81F, 0xF81F, 0xF81F, 0xF81F,
    0xF81F, 0xF81F, 0xF81F, 0xF81F, 0xF81F, 0xF81F, 0xF81F, 0xFFFF, 0xFFFF, 0xFFFF, 0xFFFF, 0xFFFF, 0xFFFF, 0xFFFF, 0xFFFF, 0xFFFF, 0xF81F, 0xF81F, 0xF81F, 0xF81F, 0xF81F, 0xF81F, 0xF81F, 0xF81F, 0xF81F, 0xF81F, 0xF81F, 0xFFFF, 0xFFFF, 0xFFFF, 0xF81F, 0xF81F, 0xF81F, 0xF81F, 0xF81F, 0xF81F, 0xF81F, 0xF81F, 0xF81F, 0xF81F,
    0xF81F, 0xF81F, 0xF81F, 0xF81F, 0xF81F, 0xF81F, 0xF81F, 0xF81F, 0xFFFF, 0xFFFF, 0xFFFF, 0xFFFF, 0xFFFF, 0xFFFF, 0xFFFF, 0xF81F, 0xF81F, 0xF81F, 0xF81F, 0xF81F, 0xF81F, 0xF81F, 0xF81F, 0xF81F, 0xF81F, 0xF81F, 0xF81F, 0xFFFF, 0xFFFF, 0xFFFF, 0xF81F, 0xF81F, 0xF81F, 0xF81F, 0xF81F, 0xF81F, 0xF81F, 0xF81F, 0xF81F, 0xF81F,
    0xF81F, 0xF81F, 0xF81F, 0xF81F, 0xF81F, 0xF81F, 0xF81F, 0xF81F, 0xF81F, 0xFFFF, 0xFFFF, 0xFFFF, 0xFFFF, 0xFFFF, 0xF81F, 0xF81F, 0xF81F, 0xF81F, 0xF81F, 0xF81F, 0xF81F, 0xF81F, 0xF81F, 0xF81F, 0xF81F, 0xF81F, 0xF81F, 0xFFFF, 0xFFFF, 0xFFFF, 0xF81F, 0xF81F, 0xF81F, 0xF81F, 0xF81F, 0xF81F, 0xF81F, 0xF81F, 0xF81F, 0xF81F,
    0xF81F, 0xF81F, 0xF81F, 0xF81F, 0xF81F, 0xF81F, 0xF81F, 0xF81F, 0xF81F, 0xF81F, 0xFFFF, 0xFFFF, 0xFFFF, 0xF81F, 0xF81F, 0xF81F, 0xF81F, 0xF81F, 0xF81F, 0xF81F, 0xF81F, 0xF81F, 0xF81F, 0xF81F, 0xF81F, 0xF81F, 0xF81F, 0xFFFF, 0xFFFF, 0xFFFF, 0xF81F, 0xF81F, 0xF81F, 0xF81F, 0xF81F, 0xF81F, 0xF81F, 0xF81F, 0xF81F, 0xF81F,
    0xF81F, 0xF81F, 0xF81F, 0xF81F, 0xF81F, 0xF81F, 0xF81F, 0xF81F, 0xF81F, 0xF81F, 0xF81F, 0xFFFF, 0xFFFF, 0xF81F, 0xF81F, 0xF81F, 0xF81F, 0xF81F, 0xF81F, 0xF81F, 0xF81F, 0xF81F, 0xF81F, 0xF81F, 0xF81F, 0xF81F, 0xF81F, 0xFFFF, 0xFFFF, 0xFFFF, 0xF81F, 0xF81F, 0xF81F, 0xF81F, 0xF81F, 0xF81F, 0xF81F, 0xF81F, 0xF81F, 0xF81F,
    0xF81F, 0xF81F, 0xF81F, 0xF81F, 0xF81F, 0xF81F, 0xF81F, 0xF81F, 0xF81F, 0xF81F, 0xF81F, 0xF81F, 0xF81F, 0xF81F, 0xF81F, 0xF81F, 0xF81F, 0xF81F, 0xF81F, 0xF81F, 0xF81F, 0xF81F, 0xF81F, 0xF81F, 0xF81F, 0xF81F, 0xF81F, 0xFFFF, 0xFFFF, 0xFFFF, 0xF81F, 0xF81F, 0xF81F, 0xF81F, 0xF81F, 0xF81F, 0xF81F, 0xF81F, 0xF81F, 0xF81F,
    0xF81F, 0xF81F, 0xF81F, 0xF81F, 0xF81F, 0xF81F, 0xF81F, 0xF81F, 0xF81F, 0xF81F, 0xF81F, 0xF81F, 0xF81F, 0xF81F, 0xF81F, 0xF81F, 0xF81F, 0xF81F, 0xF81F, 0xF81F, 0xF81F, 0xF81F, 0xF81F, 0xF81F, 0xF81F, 0xF81F, 0xF81F, 0xFFFF, 0xFFFF, 0xFFFF, 0xF81F, 0xF81F, 0xF81F, 0xF81F, 0xF81F, 0xF81F, 0xF81F, 0xF81F, 0xF81F, 0xF81F,
    0xF81F, 0xF81F, 0xF81F, 0xF81F, 0xF81F, 0xF81F, 0xF81F, 0xF81F, 0xF81F, 0xF81F, 0xF81F, 0xF81F, 0xF81F, 0xF81F, 0xF81F, 0xF81F, 0xF81F, 0xF81F, 0xF81F, 0xF81F, 0xF81F, 0xF81F, 0xF81F, 0xF81F, 0xF81F, 0xF81F, 0xF81F, 0xFFFF, 0xFFFF, 0xFFFF, 0xF81F, 0xF81F, 0xF81F, 0xF81F, 0xF81F, 0xF81F, 0xF81F, 0xF81F, 0xF81F, 0xF81F,
    0xF81F, 0xF81F, 0xF81F, 0xF81F, 0xF81F, 0xF81F, 0xF81F, 0xF81F, 0xF81F, 0xF81F, 0xF81F, 0xF81F, 0xF81F, 0xF81F, 0xF81F, 0xF81F, 0xF81F, 0xF81F, 0xF81F, 0xF81F, 0xF81F, 0xF81F, 0xF81F, 0xF81F, 0xF81F, 0xF81F, 0xF81F, 0xFFFF, 0xFFFF, 0xFFFF, 0xF81F, 0xF81F, 0xF81F, 0xF81F, 0xF81F, 0xF81F, 0xF81F, 0xF81F, 0xF81F, 0xF81F,
    0xF81F, 0xF81F, 0xF81F, 0xF81F, 0xF81F, 0xF81F, 0xF81F, 0xF81F, 0xF81F, 0xF81F, 0xF81F, 0xF81F, 0xF81F, 0xF81F, 0xF81F, 0xF81F, 0xF81F, 0xF81F, 0xF81F, 0xF81F, 0xF81F, 0xF81F, 0xF81F, 0xF81F, 0xF81F, 0xF81F, 0xF81F, 0xFFFF, 0xFFFF, 0xFFFF, 0xF81F, 0xF81F, 0xF81F, 0xF81F, 0xF81F, 0xF81F, 0xF81F, 0xF81F, 0xF81F, 0xF81F,
    0xF81F, 0xF81F, 0xF81F, 0xF81F, 0xF81F, 0xF81F, 0xF81F, 0xF81F, 0xF81F, 0xF81F, 0xF81F, 0xF81F, 0xF81F, 0xF81F, 0xF81F, 0xF81F, 0xF81F, 0xF81F, 0xF81F, 0xF81F, 0xF81F, 0xF81F, 0xF81F, 0xF81F, 0xF81F, 0xF81F, 0xF81F, 0xFFFF, 0xFFFF, 0xFFFF, 0xF81F, 0xF81F, 0xF81F, 0xF81F, 0xF81F, 0xF81F, 0xF81F, 0xF81F, 0xF81F, 0xF81F,
    0xF81F, 0xF81F, 0xF81F, 0xF81F, 0xF81F, 0xF81F, 0xF81F, 0xF81F, 0xF81F, 0xF81F, 0xF81F, 0xF81F, 0xF81F, 0xF81F, 0xF81F, 0xF81F, 0xF81F, 0xF81F, 0xF81F, 0xF81F, 0xF81F, 0xF81F, 0xF81F, 0xF81F, 0xF81F, 0xF81F, 0xF81F, 0xFFFF, 0xFFFF, 0xFFFF, 0xF81F, 0xF81F, 0xF81F, 0xF81F, 0xF81F, 0xF81F, 0xF81F, 0xF81F, 0xF81F, 0xF81F,
    0xF81F, 0xF81F, 0xF81F, 0xF81F, 0xF81F, 0xF81F, 0xF81F, 0xF81F, 0xF81F, 0xF81F, 0xF81F, 0xF81F, 0xF81F, 0xF81F, 0xF81F, 0xF81F, 0xF81F, 0xF81F, 0xF81F, 0xF81F, 0xF81F, 0xF81F, 0xF81F, 0xF81F, 0xF81F, 0xF81F, 0xF81F, 0xF81F, 0xF81F, 0xF81F, 0xF81F, 0xF81F, 0xF81F, 0xF81F, 0xF81F, 0xF81F, 0xF81F, 0xF81F, 0xF81F, 0xF81F,
    0xF81F, 0xF81F, 0xF81F, 0xF81F, 0xF81F, 0xF81F, 0xF81F, 0xF81F, 0xF81F, 0xF81F, 0xF81F, 0xF81F, 0xF81F, 0xF81F, 0xF81F, 0xF81F, 0xF81F, 0xF81F, 0xF81F, 0xF81F, 0xF81F, 0xF81F, 0xF81F, 0xF81F, 0xF81F, 0xF81F, 0xF81F, 0xF81F, 0xF81F, 0xF81F, 0xF81F, 0xF81F, 0xF81F, 0xF81F, 0xF81F, 0xF81F, 0xF81F, 0xF81F, 0xF81F, 0xF81F,
    0xF81F, 0xF81F, 0xF81F, 0xF81F, 0xF81F, 0xF81F, 0xF81F, 0xF81F, 0xF81F, 0xF81F, 0xF81F, 0xF81F, 0xF81F, 0xF81F, 0xF81F, 0xF81F, 0xF81F, 0xF81F, 0xF81F, 0xF81F, 0xF81F, 0xF81F, 0xF81F, 0xF81F, 0xF81F, 0xF81F, 0xF81F, 0xF81F, 0xF81F, 0xF81F, 0xF81F, 0xF81F, 0xF81F, 0xF81F, 0xF81F, 0xF81F, 0xF81F, 0xF81F, 0xF81F, 0xF81F,
    0xF81F, 0xF81F, 0xF81F, 0xF81F, 0xF81F, 0xF81F, 0xF81F, 0xF81F, 0xF81F, 0xF81F, 0xF81F, 0xF81F, 0xF81F, 0xF81F, 0xF81F, 0xF81F, 0xF81F, 0xF81F, 0xF81F, 0xF81F, 0xF81F, 0xF81F, 0xF81F, 0xF81F, 0xF81F, 0xF81F, 0xF81F, 0xF81F, 0xF81F, 0xF81F, 0xF81F, 0xF81F, 0xF81F, 0xF81F, 0xF81F, 0xF81F, 0xF81F, 0xF81F, 0xF81F, 0xF81F,
    0xF81F, 0xF81F, 0xF81F, 0xF81F, 0xF81F, 0xF81F, 0xF81F, 0xF81F, 0xF81F, 0xF81F, 0xF81F, 0xF81F, 0xF81F, 0xF81F, 0xF81F, 0xF81F, 0xF81F, 0xF81F, 0xF81F, 0xF81F, 0xF81F, 0xF81F, 0xF81F, 0xF81F, 0xF81F, 0xF81F, 0xF81F, 0xF81F, 0xF81F, 0xF81F, 0xF81F, 0xF81F, 0xF81F, 0xF81F, 0xF81F, 0xF81F, 0xF81F, 0xF81F, 0xF81F, 0xF81F
};

static const uint16_t UI_ICON_SPEED[UI_ICON_SIZE*UI_ICON_SIZE] = {
    0xF81F, 0xF81F, 0xF81F, 0xF81F, 0xF81F, 0xF81F, 0xF81F, 0xF81F, 0xF81F, 0xF81F, 0xF81F, 0xF81F, 0xF81F, 0xF81F, 0xF81F, 0xF81F, 0xF81F, 0xF81F, 0xF81F, 0xF81F, 0xF81F, 0xF81F, 0xF81F, 0xF81F, 0xF81F, 0xF81F, 0xF81F, 0xF81F, 0xF81F, 0xF81F, 0xF81F, 0xF81F, 0xF81F, 0xF81F, 0xF81F, 0xF81F, 0xF81F, 0xF81F, 0xF81F, 0xF81F,
    0xF81F, 0xF81F, 0xF81F, 0xF81F, 0xF81F, 0xF81F, 0xF81F, 0xF81F, 0xF81F, 0xF81F, 0xF81F, 0xF81F, 0xF81F, 0xF81F, 0xF81F, 0xF81F, 0xF81F, 0xF81F, 0xF81F, 0xF81F, 0xF81F, 0xF81F, 0xF81F, 0xF81F, 0xF81F, 0xF81F, 0xF81F, 0xF81F, 0xF81F, 0xF81F, 0xF81F, 0xF81F, 0xF81F, 0xF81F, 0xF81F, 0xF81F, 0xF81F, 0xF81F, 0xF81F, 0xF81F,
    0xF81F, 0xF81F, 0xF81F, 0xF81F, 0xF81F, 0xF81F, 0xF81F, 0xF81F, 0xF81F, 0xF81F, 0xF81F, 0xF81F, 0xF81F, 0xF81F, 0xF81F, 0xF81F, 0xF81F, 0xF81F, 0xF81F, 0xF81F, 0xF81F, 0xF81F, 0xF81F, 0xF81F, 0xF81F, 0xF81F, 0xF81F, 0xF81F, 0xF81F, 0xF81F, 0xF81F, 0xF81F, 0xF81F, 0xF81F, 0xF81F, 0xF81F, 0xF81F, 0xF81F, 0xF81F, 0xF81F,
    0xF81F, 0xF81F, 0xF81F, 0xF81F, 0xF81F, 0xF81F, 0xF81F, 0xF81F, 0xF81F, 0xF81F, 0xF81F, 0xF81F, 0xF81F, 0xF81F, 0xF81F, 0xF81F, 0xF81F, 0xF81F, 0xF81F, 0xF81F, 0xF81F, 0xF81F, 0xF81F, 0xF81F, 0xF81F, 0xF81F, 0xF81F, 0xF81F, 0xF81F, 0xF81F, 0xF81F, 0xF81F, 0xF81F, 0xF81F, 0xF81F, 0xF81F, 0xF81F, 0xF81F, 0xF81F, 0xF81F,
    0xF81F, 0xF81F, 0xF81F, 0xF81F, 0xF81F, 0xF81F, 0xF81F, 0xF81F, 0xF81F, 0xF81F, 0xF81F, 0xF81F, 0xF81F, 0xF81F, 0xF81F, 0xF81F, 0xF81F, 0xF81F, 0xF81F, 0xF81F, 0xF81F, 0xF81F, 0xF81F, 0xF81F, 0xF81F, 0xF81F, 0xF81F, 0xF81F, 0xF81F, 0xF81F, 0xF81F, 0xF81F, 0xF81F, 0xF81F, 0xF81F, 0xF81F, 0xF81F, 0xF81F, 0xF81F, 0xF81F,
    0xF81F, 0xF81F, 0xF81F, 0xF81F, 0xF81F, 0xF81F, 0xF81F, 0xF81F, 0xF81F, 0xF81F, 0xF81F, 0xF81F, 0xF81F, 0xF81F, 0xF81F, 0xF81F, 0xF81F, 0xF81F, 0xF81F, 0xF81F, 0xF81F, 0xF81F, 0xF81F, 0xF81F, 0xF81F, 0xF81F, 0xF81F, 0xF81F, 0xF81F, 0xF81F, 0xF81F, 0xF81F, 0xF81F, 0xF81F, 0xF81F, 0xF81F, 0xF81F, 0xF81F, 0xF81F, 0xF81F,
    0xF81F, 0xF81F, 0xF81F, 0xF81F, 0xF81F, 0xF81F, 0xF81F, 0xF81F, 0xF81F, 0xF81F, 0xF81F, 0xF81F, 0xF81F, 0xF81F, 0xF81F, 0xF81F, 0xF81F, 0xF81F, 0xF81F, 0xF81F, 0xF81F, 0xF81F, 0xF81F, 0xF81F, 0xF81F, 0xF81F, 0xF81F, 0xF81F, 0xF81F, 0xF81F, 0xF81F, 0xF81F, 0xF81F, 0xF81F, 0xF81F, 0xF81F, 0xF81F, 0xF81F, 0xF81F, 0xF81F,
    0xF81F, 0xF81F, 0xF81F, 0xF81F, 0xF81F, 0xF81F, 0xF81F, 0xF81F, 0xF81F, 0xF81F, 0xF81F, 0xF81F, 0xF81F, 0xF81F, 0xF81F, 0xFFFF, 0xFFFF, 0xFFFF, 0xFFFF, 0xFFFF, 0xFFFF, 0xFFFF, 0xFFFF, 0xFFFF, 0xFFFF, 0xF81F, 0xF81F, 0xF81F, 0xF81F, 0xF81F, 0xF81F, 0xF81F, 0xF81F, 0xF81F, 0xF81F, 0xF81F, 0xF81F, 0xF81F, 0xF81F, 0xF81F,
    0xF81F, 0xF81F, 0xF81F, 0xF81F, 0xF81F, 0xF81F, 0xF81F, 0xF81F, 0xF81F, 0xF81F, 0xF81F, 0xF81F, 0xF81F, 0xFFFF, 0xFFFF, 0xFFFF, 0xFFFF, 0xFFFF, 0xFFFF, 0xFFFF, 0xFFFF, 0xFFFF, 0xFFFF, 0xFFFF, 0xFFFF, 0xFFFF, 0xFFFF, 0xFFFF, 0xF81F, 0xF81F, 0xF81F, 0xF81F, 0xF81F, 0xF81F, 0xF81F, 0xF81F, 0xF81F, 0xF81F, 0xF81F, 0xF81F,
    0xF81F, 0xF81F, 0xF81F, 0xF81F, 0xF81F, 0xF81F, 0xF81F, 0xF81F, 0xF81F, 0xF81F, 0xF81F, 0xFFFF, 0xFFFF, 0xFFFF, 0xFFFF, 0xFFFF, 0xFFFF, 0xFFFF, 0xFFFF, 0xFFFF, 0xFFFF, 0xFFFF, 0xFFFF, 0xFFFF, 0xFFFF, 0xFFFF, 0xFFFF, 0xFFFF, 0xFFFF, 0xF81F, 0xF81F, 0xF81F, 0xF81F, 0xF81F, 0xF81F, 0xF81F, 0xF81F, 0xF81F, 0xF81F, 0xF81F,
    0xF81F, 0xF81F, 0xF81F, 0xF81F, 0xF81F, 0xF81F, 0xF81F, 0xF81F, 0xF81F, 0xF81F, 0xFFFF, 0xFFFF, 0xFFFF, 0xFFFF, 0xFFFF, 0xFFFF, 0xF81F, 0xF81F, 0xF81F, 0xF81F, 0xF81F, 0xF81F, 0xF81F, 0xF81F, 0xFFFF, 0xFFFF, 0xFFFF, 0xF81F, 0xF81F, 0xF81F, 0xF81F, 0xF81F, 0xF81F, 0xF81F, 0xF81F, 0xF81F, 0xF81F, 0xF81F, 0xF81F, 0xF81F,
    0xF81F, 0xF81F, 0xF81F, 0xF81F, 0xF81F, 0xF81F, 0xF81F, 0xF81F, 0xFFFF, 0xFFFF, 0xFFFF, 0xFFFF, 0xFFFF, 0xFFFF, 0xF81F, 0xF81F, 0xF81F, 0xF81F, 0xF81F, 0xF81F, 0xF81F, 0xF81F, 0xF81F, 0xF81F, 0xF81F, 0xF81F, 0xF81F, 0xF81F, 0xF81F, 0xF81F, 0xF81F, 0xF81F, 0xF81F, 0xF81F, 0xF81F, 0xF81F, 0xF81F, 0xF81F, 0xF81F, 0xF81F,
    0xF81F, 0xF81F, 0xF81F, 0xF81F, 0xF81F, 0xF81F, 0xF81F, 0xFFFF, 0xFFFF, 0xFFFF, 0xFFFF, 0xFFFF, 0xF81F, 0xF81F, 0xF81F, 0xF81F, 0xF81F, 0xF81F, 0xF81F, 0xF81F, 0xF81F, 0xF81F, 0xF81F, 0xF81F, 0xF81F, 0xF81F, 0xF81F, 0xF81F, 0xF81F, 0xF81F, 0xFFFF, 0xF81F, 0xF81F, 0xF81F, 0xF81F, 0xF81F, 0xF81F, 0xF81F, 0xF81F, 0xF81F,
    0xF81F, 0xF81F, 0xF81F, 0xF81F, 0xF81F, 0xF81F, 0xF81F, 0xFFFF, 0xFFFF, 0xFFFF, 0xFFFF, 0xF81F, 0xF81F, 0xF81F, 0xF81F, 0xF81F, 0xF81F, 0xF81F, 0xF81F, 0xF81F, 0xF81F, 0xF81F, 0xF81F, 0xF81F, 0xF81F, 0xF81F, 0xF81F, 0xF81F, 0xF81F, 0xFFFF, 0xFFFF, 0xF81F, 0xF81F, 0xF81F, 0xF81F, 0xF81F, 0xF81F, 0xF81F, 0xF81F, 0xF81F,
    0xF81F, 0xF81F, 0xF81F, 0xF81F, 0xF81F, 0xF81F, 0xFFFF, 0xFFFF, 0xFFFF, 0xFFFF, 0xF81F, 0xF81F, 0xF81F, 0xF81F, 0xF81F, 0xF81F, 0xF81F, 0xF81F, 0xF81F, 0xF81F, 0xF81F, 0xF81F, 0xF81F, 0xF81F, 0xF81F, 0xF81F, 0xF81F, 0xFFFF, 0xFFFF, 0xFFFF, 0xF81F, 0xF81F, 0xF81F, 0xF81F, 0xF81F, 0xF81F, 0xF81F, 0xF81F, 0xF81F, 0xF81F,
    0xF81F, 0xF81F, 0xF81F, 0xF81F, 0xF81F, 0xFFFF, 0xFFFF, 0xFFFF, 0xFFFF, 0xF81F, 0xF81F, 0xF81F, 0xF81F, 0xF81F, 0xF81F, 0xF81F, 0xF81F, 0xF81F, 0xF81F, 0xF81F, 0xF81F, 0xF81F, 0xF81F, 0xF81F, 0xF81F, 0xF81F, 0xFFFF, 0xFFFF, 0xFFFF, 0xF81F, 0xF81F, 0xF81F, 0xF81F, 0xFFFF, 0xFFFF, 0xF81F, 0xF81F, 0xF81F, 0xF81F, 0xF81F,
    0xF81F, 0xF81F, 0xF81F, 0xF81F, 0xF81F, 0xFFFF, 0xFFFF, 0xFFFF, 0xFFFF, 0xF81F, 0xF81F, 0xF81F, 0xF81F, 0xF81F, 0xF81F, 0xF81F, 0xF81F, 0xF81F, 0xF81F, 0xF81F, 0xF81F, 0xF81F, 0xF81F, 0xF81F, 0xFFFF, 0xFFFF, 0xFFFF, 0xFFFF, 0xF81F, 0xF81F, 0xF81F, 0xF81F, 0xFFFF, 0xFFFF, 0xFFFF, 0xF81F, 0xF81F, 0xF81F, 0xF81F, 0xF81F,
    0xF81F, 0xF81F, 0xF81F, 0xF81F, 0xFFFF, 0xFFFF, 0xFFFF, 0xFFFF, 0xF81F, 0xF81F, 0xF81F, 0xF81F, 0xF81F, 0xF81F, 0xF81F, 0xF81F, 0xF81F, 0xF81F, 0xF81F, 0xF81F, 0xF81F, 0xF81F, 0xF81F, 0xFFFF, 0xFFFF, 0xFFFF, 0xFFFF, 0xFFFF, 0xF81F, 0xF81F, 0xF81F, 0xF81F, 0xFFFF, 0xFFFF, 0xFFFF, 0xFFFF, 0xF81F, 0xF81F, 0xF81F, 0xF81F,
    0xF81F, 0xF81F, 0xF81F, 0xF81F, 0xFFFF, 0xFFFF, 0xFFFF, 0xFFFF, 0xF81F, 0xF81F, 0xF81F, 0xF81F, 0xF81F, 0xF81F, 0xF81F, 0xF81F, 0xF81F, 0xF81F, 0xF81F, 0xF81F, 0xF81F, 0xFFFF, 0xFFFF, 0xFFFF, 0xFFFF, 0xFFFF, 0xFFFF, 0xF81F, 0xF81F, 0xF81F, 0xF81F, 0xF81F, 0xFFFF, 0xFFFF, 0xFFFF, 0xFFFF, 0xF81F, 0xF81F, 0xF81F, 0xF81F,
    0xF81F, 0xF81F, 0xF81F, 0xF81F, 0xFFFF, 0xFFFF, 0xFFFF, 0xF81F, 0xF81F, 0xF81F, 0xF81F, 0xF81F, 0xF81F, 0xF81F, 0xF81F, 0xF81F, 0xF81F, 0xF81F, 0xF81F, 0xF81F, 0xFFFF, 0xFFFF, 0xFFFF, 0xFFFF, 0xFFFF, 0xFFFF, 0xF81F, 0xF81F, 0xF81F, 0xF81F, 0xF81F, 0xF81F, 0xF81F, 0xFFFF, 0xFFFF, 0xFFFF, 0xF81F, 0xF81F, 0xF81F, 0xF81F,
    0xF81F, 0xF81F, 0xF81F, 0xF81F, 0xFFFF, 0xFFFF, 0xFFFF, 0xF81F, 0xF81F, 0xF81F, 0xF81F, 0xF81F, 0xF81F, 0xF81F, 0xF81F, 0xF81F, 0xF81F, 0xF81F, 0xFFFF, 0xFFFF, 0xFFFF, 0xFFFF, 0xFFFF, 0xFFFF, 0xFFFF, 0xFFFF, 0xF81F, 0xF81F, 0xF81F, 0xF81F, 0xF81F, 0xF81F, 0xF81F, 0xFFFF, 0xFFFF, 0xFFFF, 0xF81F, 0xF81F, 0xF81F, 0xF81F,
    0xF81F, 0xF81F, 0xF81F, 0xFFFF, 0xFFFF, 0xFFFF, 0xFFFF, 0xF81F, 0xF81F, 0xF81F, 0xF81F, 0xF81F, 0xF81F, 0xF81F, 0xF81F, 0xF81F, 0xF81F, 0xFFFF, 0xFFFF, 0xFFFF, 0xFFFF, 0xFFFF, 0xFFFF, 0xFFFF, 0xFFFF, 0xF81F, 0xF81F, 0xF81F, 0xF81F, 0xF81F, 0xF81F, 0xF81F, 0xF81F, 0xFFFF, 0xFFFF, 0xFFFF, 0xFFFF, 0xF81F, 0xF81F, 0xF81F,
    0xF81F, 0xF81F, 0xF81F, 0xFFFF, 0xFFFF, 0xFFFF, 0xFFFF, 0xF81F, 0xF81F, 0xF81F, 0xF81F, 0xF81F, 0xF81F, 0xF81F, 0xF81F, 0xF81F, 0xF81F, 0xFFFF, 0xFFFF, 0xFFFF, 0xFFFF, 0xFFFF, 0xFFFF, 0xFFFF, 0xF81F, 0xF81F, 0xF81F, 0xF81F, 0xF81F, 0xF81F, 0xF81F, 0xF81F, 0xF81F, 0xFFFF, 0xFFFF, 0xFFFF, 0xFFFF, 0xF81F, 0xF81F, 0xF81F,
    0xF81F, 0xF81F, 0xF81F, 0xFFFF, 0xFFFF, 0xFFFF, 0xFFFF, 0xF81F, 0xF81F, 0xF81F, 0xF81F, 0xF81F, 0xF81F, 0xF81F, 0xF81F, 0xF81F, 0xF81F, 0xFFFF, 0xFFFF, 0xFFFF, 0xFFFF, 0xFFFF, 0xFFFF, 0xFFFF, 0xF81F, 0xF81F, 0xF81F, 0xF81F, 0xF81F, 0xF81F, 0xF81F, 0xF81F, 0xF81F, 0xFFFF, 0xFFFF, 0xFFFF, 0xFFFF, 0xF81F, 0xF81F, 0xF81F,
    0xF81F, 0xF81F, 0xF81F, 0xFFFF, 0xFFFF, 0xFFFF, 0xFFFF, 0xF81F, 0xF81F, 0xF81F, 0xF81F, 0xF81F, 0xF81F, 0xF81F, 0xF81F, 0xF81F, 0xF81F, 0xFFFF, 0xFFFF, 0xFFFF, 0xFFFF, 0xFFFF, 0xFFFF, 0xF81F, 0xF81F, 0xF81F, 0xF81F, 0xF81F, 0xF81F, 0xF81F, 0xF81F, 0xF81F, 0xF81F, 0xFFFF, 0xFFFF, 0xFFFF, 0xFFFF, 0xF81F, 0xF81F, 0xF81F,
    0xF81F, 0xF81F, 0xF81F, 0xF81F, 0xFFFF, 0xFFFF, 0xFFFF, 0xF81F, 0xF81F, 0xF81F, 0xF81F, 0xF81F, 0xF81F, 0xF81F, 0xF81F, 0xF81F, 0xF81F, 0xF81F, 0xFFFF, 0xFFFF, 0xFFFF, 0xFFFF, 0xF81F, 0xF81F, 0xF81F, 0xF81F, 0xF81F, 0xF81F, 0xF81F, 0xF81F, 0xF81F, 0xF81F, 0xF81F, 0xFFFF, 0xFFFF, 0xFFFF, 0xFFFF, 0xF81F, 0xF81F, 0xF81F,
    0xF81F, 0xF81F, 0xF81F, 0xF81F, 0xFFFF, 0xFFFF, 0xFFFF, 0xF81F, 0xF81F, 0xF81F, 0xF81F, 0xF81F, 0xF81F, 0xF81F, 0xF81F, 0xF81F, 0xF81F, 0xF81F, 0xF81F, 0xFFFF, 0xFFFF, 0xF81F, 0xF81F, 0xF81F, 0xF81F, 0xF81F, 0xF81F, 0xF81F, 0xF81F, 0xF81F, 0xF81F, 0xF81F, 0xF81F, 0xFFFF, 0xFFFF, 0xFFFF, 0xF81F, 0xF81F, 0xF81F, 0xF81F,
    0xF81F, 0xF81F, 0xF81F, 0xF81F, 0xFFFF, 0xFFFF, 0xFFFF, 0xF81F, 0xF81F, 0xF81F, 0xF81F, 0xF81F, 0xF81F, 0xF81F, 0xF81F, 0xF81F, 0xF81F, 0xF81F, 0xF81F, 0xF81F, 0xF81F, 0xF81F, 0xF81F, 0xF81F, 0xF81F, 0xF81F, 0xF81F, 0xF81F, 0xF81F, 0xF81F, 0xF81F, 0xF81F, 0xF81F, 0xFFFF, 0xFFFF, 0xFFFF, 0xF81F, 0xF81F, 0xF81F, 0xF81F,
    0xF81F, 0xF81F, 0xF81F, 0xF81F, 0xFFFF, 0xFFFF, 0xFFFF, 0xFFFF, 0xF81F, 0xF81F, 0xF81F, 0xF81F, 0xF81F, 0xF81F, 0xF81F, 0xF81F, 0xF81F, 0xF81F, 0xF81F, 0xF81F, 0xF81F, 0xF81F, 0xF81F, 0xF81F, 0xF81F, 0xF81F, 0xF81F, 0xF81F, 0xF81F, 0xF81F, 0xF81F, 0xF81F, 0xFFFF, 0xFFFF, 0xFFFF, 0xFFFF, 0xF81F, 0xF81F, 0xF81F, 0xF81F,
    0xF81F, 0xF81F, 0xF81F, 0xF81F, 0xF81F, 0xFFFF, 0xFFFF, 0xFFFF, 0xF81F, 0xF81F, 0xF81F, 0xF81F, 0xF81F, 0xF81F, 0xF81F, 0xF81F, 0xF81F, 0xF81F, 0xF81F, 0xF81F, 0xF81F, 0xF81F, 0xF81F, 0xF81F, 0xF81F, 0xF81F, 0xF81F, 0xF81F, 0xF81F, 0xF81F, 0xF81F, 0xF81F, 0xFFFF, 0xFFFF, 0xFFFF, 0xF81F, 0xF81F, 0xF81F, 0xF81F, 0xF81F,
    0xF81F, 0xF81F, 0xF81F, 0xF81F, 0xF81F, 0xFFFF, 0xFFFF, 0xFFFF, 0xFFFF, 0xFFFF, 0xFFFF, 0xFFFF, 0xFFFF, 0xFFFF, 0xFFFF, 0xFFFF, 0xFFFF, 0xFFFF, 0xFFFF, 0xFFFF, 0xFFFF, 0xFFFF, 0xFFFF, 0xFFFF, 0xFFFF, 0xFFFF, 0xFFFF, 0xFFFF, 0xFFFF, 0xFFFF, 0xFFFF, 0xFFFF, 0xFFFF, 0xFFFF, 0xFFFF, 0xF81F, 0xF81F, 0xF81F, 0xF81F, 0xF81F,
    0xF81F, 0xF81F, 0xF81F, 0xF81F, 0xF81F, 0xF81F, 0xFFFF, 0xFFFF, 0xFFFF, 0xFFFF, 0xFFFF, 0xFFFF, 0xFFFF, 0xFFFF, 0xFFFF, 0xFFFF, 0xFFFF, 0xFFFF, 0xFFFF, 0xFFFF, 0xFFFF, 0xFFFF, 0xFFFF, 0xFFFF, 0xFFFF, 0xFFFF, 0xFFFF, 0xFFFF, 0xFFFF, 0xFFFF, 0xFFFF, 0xFFFF, 0xFFFF, 0xFFFF, 0xFFFF, 0xF81F, 0xF81F, 0xF81F, 0xF81F, 0xF81F,
    0xF81F, 0xF81F, 0xF81F, 0xF81F, 0xF81F, 0xF81F, 0xFFFF, 0xFFFF, 0xFFFF, 0xFFFF, 0xFFFF, 0xFFFF, 0xFFFF, 0xFFFF, 0xFFFF, 0xFFFF, 0xFFFF, 0xFFFF, 0xFFFF, 0xFFFF, 0xFFFF, 0xFFFF, 0xFFFF, 0xFFFF, 0xFFFF, 0xFFFF, 0xFFFF, 0xFFFF, 0xFFFF, 0xFFFF, 0xFFFF, 0xFFFF, 0xFFFF, 0xFFFF, 0xF81F, 0xF81F, 0xF81F, 0xF81F, 0xF81F, 0xF81F,
    0xF81F, 0xF81F, 0xF81F, 0xF81F, 0xF81F, 0xF81F, 0xF81F, 0xF81F, 0xF81F, 0xF81F, 0xF81F, 0xF81F, 0xF81F, 0xF81F, 0xF81F, 0xF81F, 0xF81F, 0xF81F, 0xF81F, 0xF81F, 0xF81F, 0xF81F, 0xF81F, 0xF81F, 0xF81F, 0xF81F, 0xF81F, 0xF81F, 0xF81F, 0xF81F, 0xF81F, 0xF81F, 0xF81F, 0xF81F, 0xF81F, 0xF81F, 0xF81F, 0xF81F, 0xF81F, 0xF81F,
    0xF81F, 0xF81F, 0xF81F, 0xF81F, 0xF81F, 0xF81F, 0xF81F, 0xF81F, 0xF81F, 0xF81F, 0xF81F, 0xF81F, 0xF81F, 0xF81F, 0xF81F, 0xF81F, 0xF81F, 0xF81F, 0xF81F, 0xF81F, 0xF81F, 0xF81F, 0xF81F, 0xF81F, 0xF81F, 0xF81F, 0xF81F, 0xF81F, 0xF81F, 0xF81F, 0xF81F, 0xF81F, 0xF81F, 0xF81F, 0xF81F, 0xF81F, 0xF81F, 0xF81F, 0xF81F, 0xF81F,
    0xF81F, 0xF81F, 0xF81F, 0xF81F, 0xF81F, 0xF81F, 0xF81F, 0xF81F, 0xF81F, 0xF81F, 0xF81F, 0xF81F, 0xF81F, 0xF81F, 0xF81F, 0xF81F, 0xF81F, 0xF81F, 0xF81F, 0xF81F, 0xF81F, 0xF81F, 0xF81F, 0xF81F, 0xF81F, 0xF81F, 0xF81F, 0xF81F, 0xF81F, 0xF81F, 0xF81F, 0xF81F, 0xF81F, 0xF81F, 0xF81F, 0xF81F, 0xF81F, 0xF81F, 0xF81F, 0xF81F,
    0xF81F, 0xF81F, 0xF81F, 0xF81F, 0xF81F, 0xF81F, 0xF81F, 0xF81F, 0xF81F, 0xF81F, 0xF81F, 0xF81F, 0xF81F, 0xF81F, 0xF81F, 0xF81F, 0xF81F, 0xF81F, 0xF81F, 0xF81F, 0xF81F, 0xF81F, 0xF81F, 0xF81F, 0xF81F, 0xF81F, 0xF81F, 0xF81F, 0xF81F, 0xF81F, 0xF81F, 0xF81F, 0xF81F, 0xF81F, 0xF81F, 0xF81F, 0xF81F, 0xF81F, 0xF81F, 0xF81F,
    0xF81F, 0xF81F, 0xF81F, 0xF81F, 0xF81F, 0xF81F, 0xF81F, 0xF81F, 0xF81F, 0xF81F, 0xF81F, 0xF81F, 0xF81F, 0xF81F, 0xF81F, 0xF81F, 0xF81F, 0xF81F, 0xF81F, 0xF81F, 0xF81F, 0xF81F, 0xF81F, 0xF81F, 0xF81F, 0xF81F, 0xF81F, 0xF81F, 0xF81F, 0xF81F, 0xF81F, 0xF81F, 0xF81F, 0xF81F, 0xF81F, 0xF81F, 0xF81F, 0xF81F, 0xF81F, 0xF81F,
    0xF81F, 0xF81F, 0xF81F, 0xF81F, 0xF81F, 0xF81F, 0xF81F, 0xF81F, 0xF81F, 0xF81F, 0xF81F, 0xF81F, 0xF81F, 0xF81F, 0xF81F, 0xF81F, 0xF81F, 0xF81F, 0xF81F, 0xF81F, 0xF81F, 0xF81F, 0xF81F, 0xF81F, 0xF81F, 0xF81F, 0xF81F, 0xF81F, 0xF81F, 0xF81F, 0xF81F, 0xF81F, 0xF81F, 0xF81F, 0xF81F, 0xF81F, 0xF81F, 0xF81F, 0xF81F, 0xF81F,
    0xF81F, 0xF81F, 0xF81F, 0xF81F, 0xF81F, 0xF81F, 0xF81F, 0xF81F, 0xF81F, 0xF81F, 0xF81F, 0xF81F, 0xF81F, 0xF81F, 0xF81F, 0xF81F, 0xF81F, 0xF81F, 0xF81F, 0xF81F, 0xF81F, 0xF81F, 0xF81F, 0xF81F, 0xF81F, 0xF81F, 0xF81F, 0xF81F, 0xF81F, 0xF81F, 0xF81F, 0xF81F, 0xF81F, 0xF81F, 0xF81F, 0xF81F, 0xF81F, 0xF81F, 0xF81F, 0xF81F
};

static const uint16_t UI_ICON_GEAR[UI_ICON_SIZE*UI_ICON_SIZE] = {
    0xF81F, 0xF81F, 0xF81F, 0xF81F, 0xF81F, 0xF81F, 0xF81F, 0xF81F, 0xF81F, 0xF81F, 0xF81F, 0xF81F, 0xF81F, 0xF81F, 0xF81F, 0xF81F, 0xF81F, 0xF81F, 0xF81F, 0xF81F, 0xF81F, 0xF81F, 0xF81F, 0xF81F, 0xF81F, 0xF81F, 0xF81F, 0xF81F, 0xF81F, 0xF81F, 0xF81F, 0xF81F, 0xF81F, 0xF81F, 0xF81F, 0xF81F, 0xF81F, 0xF81F, 0xF81F, 0xF81F,
    0xF81F, 0xF81F, 0xF81F, 0xF81F, 0xF81F, 0xF81F, 0xF81F, 0xF81F, 0xF81F, 0xF81F, 0xF81F, 0xF81F, 0xF81F, 0xF81F, 0xF81F, 0xF81F, 0xF81F, 0xF81F, 0xF81F, 0xF81F, 0xF81F, 0xF81F, 0xF81F, 0xF81F, 0xF81F, 0xF81F, 0xF81F, 0xF81F, 0xF81F, 0xF81F, 0xF81F, 0xF81F, 0xF81F, 0xF81F, 0xF81F, 0xF81F, 0xF81F, 0xF81F, 0xF81F, 0xF81F,
    0xF81F, 0xF81F, 0xF81F, 0xF81F, 0xF81F, 0xF81F, 0xF81F, 0xF81F, 0xF81F, 0xF81F, 0xF81F, 0xF81F, 0xF81F, 0xF81F, 0xF81F, 0xF81F, 0xF81F, 0xF81F, 0xF81F, 0xF81F, 0xF81F, 0xF81F, 0xF81F, 0xF81F, 0xF81F, 0xF81F, 0xF81F, 0xF81F, 0xF81F, 0xF81F, 0xF81F, 0xF81F, 0xF81F, 0xF81F, 0xF81F, 0xF81F, 0xF81F, 0xF81F, 0xF81F, 0xF81F,
    0xF81F, 0xF81F, 0xF81F, 0xF81F, 0xF81F, 0xF81F, 0xF81F, 0xF81F, 0xF81F, 0xF81F, 0xF81F, 0xF81F, 0xF81F, 0xF81F, 0xF81F, 0xF81F, 0xF81F, 0xF81F, 0xF81F, 0xF81F, 0xF81F, 0xF81F, 0xF81F, 0xF81F, 0xF81F, 0xF81F, 0xF81F, 0xF81F, 0xF81F, 0xF81F, 0xF81F, 0xF81F, 0xF81F, 0xF81F, 0xF81F, 0xF81F, 0xF81F, 0xF81F, 0xF81F, 0xF81F,
    0xF81F, 0xF81F, 0xF81F, 0xF81F, 0xF81F, 0xF81F, 0xF81F, 0xF81F, 0xF81F, 0xF81F, 0xF81F, 0xF81F, 0xF81F, 0xF81F, 0xF81F, 0xF81F, 0xFFFF, 0xFFFF, 0xFFFF, 0xFFFF, 0xFFFF, 0xFFFF, 0xFFFF, 0xFFFF, 0xF81F, 0xF81F, 0xF81F, 0xF81F, 0xF81F, 0xF81F, 0xF81F, 0xF81F, 0xF81F, 0xF81F, 0xF81F, 0xF81F, 0xF81F, 0xF81F, 0xF81F, 0xF81F,
    0xF81F, 0xF81F, 0xF81F, 0xF81F, 0xF81F, 0xF81F, 0xF81F, 0xF81F, 0xF81F, 0xF81F, 0xF81F, 0xF81F, 0xF81F, 0xF81F, 0xF81F, 0xF81F, 0xFFFF, 0xFFFF, 0xFFFF, 0xFFFF, 0xFFFF, 0xFFFF, 0xFFFF, 0xFFFF, 0xF81F, 0xF81F, 0xF81F, 0xF81F, 0xF81F, 0xF81F, 0xF81F, 0xF81F, 0xF81F, 0xF81F, 0xF81F, 0xF81F, 0xF81F, 0xF81F, 0xF81F, 0xF81F,
    0xF81F, 0xF81F, 0xF81F, 0xF81F, 0xF81F, 0xF81F, 0xF81F, 0xF81F, 0xF81F, 0xF81F, 0xF81F, 0xF81F, 0xF81F, 0xF81F, 0xF81F, 0xF81F, 0xFFFF, 0xFFFF, 0xFFFF, 0xFFFF, 0xFFFF, 0xFFFF, 0xFFFF, 0xFFFF, 0xF81F, 0xF81F, 0xF81F, 0xF81F, 0xF81F, 0xF81F, 0xF81F, 0xF81F, 0xF81F, 0xF81F, 0xF81F, 0xF81F, 0xF81F, 0xF81F, 0xF81F, 0xF81F,
    0xF81F, 0xF81F, 0xF81F, 0xF81F, 0xF81F, 0xF81F, 0xF81F, 0xF81F, 0xF81F, 0xF81F, 0xF81F, 0xF81F, 0xF81F, 0xF81F, 0xF81F, 0xF81F, 0xFFFF, 0xFFFF, 0xFFFF, 0xFFFF, 0xFFFF, 0xFFFF, 0xFFFF, 0xFFFF, 0xF81F, 0xF81F, 0xF81F, 0xF81F, 0xF81F, 0xF81F, 0xF81F, 0xF81F, 0xF81F, 0xF81F, 0xF81F, 0xF81F, 0xF81F, 0xF81F, 0xF81F, 0xF81F,
    0xF81F, 0xF81F, 0xF81F, 0xF81F, 0xF81F, 0xF81F, 0xF81F, 0xF81F, 0xF81F, 0xF81F, 0xF81F, 0xF81F, 0xF81F, 0xF81F, 0xF81F, 0xFFFF, 0xFFFF, 0xFFFF, 0xFFFF, 0xFFFF, 0xFFFF, 0xFFFF, 0xFFFF, 0xFFFF, 0xFFFF, 0xF81F, 0xF81F, 0xF81F, 0xF81F, 0xF81F, 0xF81F, 0xF81F, 0xF81F, 0xF81F, 0xF81F, 0xF81F, 0xF81F, 0xF81F, 0xF81F, 0xF81F,
    0xF81F, 0xF81F, 0xF81F, 0xF81F, 0xF81F, 0xF81F, 0xF81F, 0xF81F, 0xFFFF, 0xFFFF, 0xF81F, 0xF81F, 0xF81F, 0xF81F, 0xFFFF, 0xFFFF, 0xFFFF, 0xFFFF, 0xFFFF, 0xFFFF, 0xFFFF, 0xFFFF, 0xFFFF, 0xFFFF, 0xFFFF, 0xFFFF, 0xF81F, 0xF81F, 0xF81F, 0xF81F, 0xFFFF, 0xFFFF, 0xF81F, 0xF81F, 0xF81F, 0xF81F, 0xF81F, 0xF81F, 0xF81F, 0xF81F,
    0xF81F, 0xF81F, 0xF81F, 0xF81F, 0xF81F, 0xF81F, 0xF81F, 0xFFFF, 0xFFFF, 0xFFFF, 0xFFFF, 0xFFFF, 0xFFFF, 0xFFFF, 0xFFFF, 0xFFFF, 0xFFFF, 0xFFFF, 0xFFFF, 0xFFFF, 0xFFFF, 0xFFFF, 0xFFFF, 0xFFFF, 0xFFFF, 0xFFFF, 0xFFFF, 0xFFFF, 0xFFFF, 0xFFFF, 0xFFFF, 0xFFFF, 0xFFFF, 0xF81F, 0xF81F, 0xF81F, 0xF81F, 0xF81F, 0xF81F, 0xF81F,
    0xF81F, 0xF81F, 0xF81F, 0xF81F, 0xF81F, 0xF81F, 0xFFFF, 0xFFFF, 0xFFFF, 0xFFFF, 0xFFFF, 0xFFFF, 0xFFFF, 0xFFFF, 0xFFFF, 0xFFFF, 0xFFFF, 0xFFFF, 0xFFFF, 0xFFFF, 0xFFFF, 0xFFFF, 0xFFFF, 0xFFFF, 0xFFFF, 0xFFFF, 0xFFFF, 0xFFFF, 0xFFFF, 0xFFFF, 0xFFFF, 0xFFFF, 0xFFFF, 0xFFFF, 0xF81F, 0xF81F, 0xF81F, 0xF81F, 0xF81F, 0xF81F,
    0xF81F, 0xF81F, 0xF81F, 0xF81F, 0xF81F, 0xF81F, 0xFFFF, 0xFFFF, 0xFFFF, 0xFFFF, 0xFFFF, 0xFFFF, 0xFFFF, 0xFFFF, 0xFFFF, 0xFFFF, 0xFFFF, 0xFFFF, 0xFFFF, 0xFFFF, 0xFFFF, 0xFFFF, 0xFFFF, 0xFFFF, 0xFFFF, 0xFFFF, 0xFFFF, 0xFFFF, 0xFFFF, 0xFFFF, 0xFFFF, 0xFFFF, 0xFFFF, 0xFFFF, 0xF81F, 0xF81F, 0xF81F, 0xF81F, 0xF81F, 0xF81F,
    0xF81F, 0xF81F, 0xF81F, 0xF81F, 0xF81F, 0xFFFF, 0xFFFF, 0xFFFF, 0xFFFF, 0xFFFF, 0xFFFF, 0xFFFF, 0xFFFF, 0xFFFF, 0xFFFF, 0xFFFF, 0xFFFF, 0xFFFF, 0xFFFF, 0xFFFF, 0xFFFF, 0xFFFF, 0xFFFF, 0xFFFF, 0xFFFF, 0xFFFF, 0xFFFF, 0xFFFF, 0xFFFF, 0xFFFF, 0xFFFF, 0xFFFF, 0xFFFF, 0xFFFF, 0xFFFF, 0xF81F, 0xF81F, 0xF81F, 0xF81F, 0xF81F,
    0xF81F, 0xF81F, 0xF81F, 0xF81F, 0xF81F, 0xFFFF, 0xFFFF, 0xFFFF, 0xFFFF, 0xFFFF, 0xFFFF, 0xFFFF, 0xFFFF, 0xFFFF, 0xFFFF, 0xFFFF, 0xFFFF, 0xFFFF, 0xF81F, 0xF81F, 0xF81F, 0xF81F, 0xFFFF, 0xFFFF, 0xFFFF, 0xFFFF, 0xFFFF, 0xFFFF, 0xFFFF, 0xFFFF, 0xFFFF, 0xFFFF, 0xFFFF, 0xFFFF, 0xFFFF, 0xF81F, 0xF81F, 0xF81F, 0xF81F, 0xF81F,
    0xF81F, 0xF81F, 0xF81F, 0xF81F, 0xF81F, 0xFFFF, 0xFFFF, 0xFFFF, 0xFFFF, 0xFFFF, 0xFFFF, 0xFFFF, 0xFFFF, 0xFFFF, 0xFFFF, 0xFFFF, 0xF81F, 0xF81F, 0xF81F, 0xF81F, 0xF81F, 0xF81F, 0xF81F, 0xF81F, 0xFFFF, 0xFFFF, 0xFFFF, 0xFFFF, 0xFFFF, 0xFFFF, 0xFFFF, 0xFFFF, 0xFFFF, 0xFFFF, 0xFFFF, 0xF81F, 0xF81F, 0xF81F, 0xF81F, 0xF81F,
    0xF81F, 0xF81F, 0xF81F, 0xF81F, 0xF81F, 0xF81F, 0xFFFF, 0xFFFF, 0xFFFF, 0xFFFF, 0xFFFF, 0xFFFF, 0xFFFF, 0xFFFF, 0xFFFF, 0xF81F, 0xF81F, 0xF81F, 0xF81F, 0xF81F, 0xF81F, 0xF81F, 0xF81F, 0xF81F, 0xF81F, 0xFFFF, 0xFFFF, 0xFFFF, 0xFFFF, 0xFFFF, 0xFFFF, 0xFFFF, 0xFFFF, 0xFFFF, 0xF81F, 0xF81F, 0xF81F, 0xF81F, 0xF81F, 0xF81F,
    0xF81F, 0xF81F, 0xF81F, 0xF81F, 0xF81F, 0xF81F, 0xF81F, 0xFFFF, 0xFFFF, 0xFFFF, 0xFFFF, 0xFFFF, 0xFFFF, 0xFFFF, 0xFFFF, 0xF81F, 0xF81F, 0xF81F, 0xF81F, 0xF81F, 0xF81F, 0xF81F, 0xF81F, 0xF81F, 0xF81F, 0xFFFF, 0xFFFF, 0xFFFF, 0xFFFF, 0xFFFF, 0xFFFF, 0xFFFF, 0xFFFF, 0xF81F, 0xF81F, 0xF81F, 0xF81F, 0xF81F, 0xF81F, 0xF81F,
    0xF81F, 0xF81F, 0xF81F, 0xF81F, 0xF81F, 0xF81F, 0xF81F, 0xF81F, 0xFFFF, 0xFFFF, 0xFFFF, 0xFFFF, 0xFFFF, 0xFFFF, 0xF81F, 0xF81F, 0xF81F, 0xF81F, 0xF81F, 0xF81F, 0xF81F, 0xF81F, 0xF81F, 0xF81F, 0xF81F, 0xF81F, 0xFFFF, 0xFFFF, 0xFFFF, 0xFFFF, 0xFFFF, 0xFFFF, 0xF81F, 0xF81F, 0xF81F, 0xF81F, 0xF81F, 0xF81F, 0xF81F, 0xF81F,
    0xF81F, 0xF81F, 0xF81F, 0xF81F, 0xF81F, 0xF81F, 0xF81F, 0xF81F, 0xFFFF, 0xFFFF, 0xFFFF, 0xFFFF, 0xFFFF, 0xFFFF, 0xF81F, 0xF81F, 0xF81F, 0xF81F, 0xF81F, 0xF81F, 0xF81F, 0xF81F, 0xF81F, 0xF81F, 0xF81F, 0xF81F, 0xFFFF, 0xFFFF, 0xFFFF, 0xFFFF, 0xFFFF, 0xFFFF, 0xF81F, 0xF81F, 0xF81F, 0xF81F, 0xF81F, 0xF81F, 0xF81F, 0xF81F,
    0xF81F, 0xF81F, 0xF81F, 0xF81F, 0xF81F, 0xF81F, 0xF81F, 0xF81F, 0xFFFF, 0xFFFF, 0xFFFF, 0xFFFF, 0xFFFF, 0xFFFF, 0xF81F, 0xF81F, 0xF81F, 0xF81F, 0xF81F, 0xF81F, 0xF81F, 0xF81F, 0xF81F, 0xF81F, 0xF81F, 0xF81F, 0xFFFF, 0xFFFF, 0xFFFF, 0xFFFF, 0xFFFF, 0xFFFF, 0xF81F, 0xF81F, 0xF81F, 0xF81F, 0xF81F, 0xF81F, 0xF81F, 0xF81F,
    0xF81F, 0xF81F, 0xF81F, 0xF81F, 0xF81F, 0xF81F, 0xF81F, 0xF81F, 0xFFFF, 0xFFFF, 0xFFFF, 0xFFFF, 0xFFFF, 0xFFFF, 0xF81F, 0xF81F, 0xF81F, 0xF81F, 0xF81F, 0xF81F, 0xF81F, 0xF81F, 0xF81F, 0xF81F, 0xF81F, 0xF81F, 0xFFFF, 0xFFFF, 0xFFFF, 0xFFFF, 0xFFFF, 0xFFFF, 0xF81F, 0xF81F, 0xF81F, 0xF81F, 0xF81F, 0xF81F, 0xF81F, 0xF81F,
    0xF81F, 0xF81F, 0xF81F, 0xF81F, 0xF81F, 0xF81F, 0xF81F, 0xFFFF, 0xFFFF, 0xFFFF, 0xFFFF, 0xFFFF, 0xFFFF, 0xFFFF, 0xFFFF, 0xF81F, 0xF81F, 0xF81F, 0xF81F, 0xF81F, 0xF81F, 0xF81F, 0xF81F, 0xF81F, 0xF81F, 0xFFFF, 0xFFFF, 0xFFFF, 0xFFFF, 0xFFFF, 0xFFFF, 0xFFFF, 0xFFFF, 0xF81F, 0xF81F, 0xF81F, 0xF81F, 0xF81F, 0xF81F, 0xF81F,
    0xF81F, 0xF81F, 0xF81F, 0xF81F, 0xF81F, 0xF81F, 0xFFFF, 0xFFFF, 0xFFFF, 0xFFFF, 0xFFFF, 0xFFFF, 0xFFFF, 0xFFFF, 0xFFFF, 0xF81F, 0xF81F, 0xF81F, 0xF81F, 0xF81F, 0xF81F, 0xF81F, 0xF81F, 0xF81F, 0xF81F, 0xFFFF, 0xFFFF, 0xFFFF, 0xFFFF, 0xFFFF, 0xFFFF, 0xFFFF, 0xFFFF, 0xFFFF, 0xF81F, 0xF81F, 0xF81F, 0xF81F, 0xF81F, 0xF81F,
    0xF81F, 0xF81F, 0xF81F, 0xF81F, 0xF81F, 0xFFFF, 0xFFFF, 0xFFFF, 0xFFFF, 0xFFFF, 0xFFFF, 0xFFFF, 0xFFFF, 0xFFFF, 0xFFFF, 0xFFFF, 0xF81F, 0xF81F, 0xF81F, 0xF81F, 0xF81F, 0xF81F, 0xF81F, 0xF81F, 0xFFFF, 0xFFFF, 0xFFFF, 0xFFFF, 0xFFFF, 0xFFFF, 0xFFFF, 0xFFFF, 0xFFFF, 0xFFFF, 0xFFFF, 0xF81F, 0xF81F, 0xF81F, 0xF81F, 0xF81F,
    0xF81F, 0xF81F, 0xF81F, 0xF81F, 0xF81F, 0xFFFF, 0xFFFF, 0xFFFF, 0xFFFF, 0xFFFF, 0xFFFF, 0xFFFF, 0xFFFF, 0xFFFF, 0xFFFF, 0xFFFF, 0xFFFF, 0xFFFF, 0xF81F, 0xF81F, 0xF81F, 0xF81F, 0xFFFF, 0xFFFF, 0xFFFF, 0xFFFF, 0xFFFF, 0xFFFF, 0xFFFF, 0xFFFF, 0xFFFF, 0xFFFF, 0xFFFF, 0xFFFF, 0xFFFF, 0xF81F, 0xF81F, 0xF81F, 0xF81F, 0xF81F,
    0xF81F, 0xF81F, 0xF81F, 0xF81F, 0xF81F, 0xFFFF, 0xFFFF, 0xFFFF, 0xFFFF, 0xFFFF, 0xFFFF, 0xFFFF, 0xFFFF, 0xFFFF, 0xFFFF, 0xFFFF, 0xFFFF, 0xFFFF, 0xFFFF, 0xFFFF, 0xFFFF, 0xFFFF, 0xFFFF, 0xFFFF, 0xFFFF, 0xFFFF, 0xFFFF, 0xFFFF, 0xFFFF, 0xFFFF, 0xFFFF, 0xFFFF, 0xFFFF, 0xFFFF, 0xFFFF, 0xF81F, 0xF81F, 0xF81F, 0xF81F, 0xF81F,
    0xF81F, 0xF81F, 0xF81F, 0xF81F, 0xF81F, 0xF81F, 0xFFFF, 0xFFFF, 0xFFFF, 0xFFFF, 0xFFFF, 0xFFFF, 0xFFFF, 0xFFFF, 0xFFFF, 0xFFFF, 0xFFFF, 0xFFFF, 0xFFFF, 0xFFFF, 0xFFFF, 0xFFFF, 0xFFFF, 0xFFFF, 0xFFFF, 0xFFFF, 0xFFFF, 0xFFFF, 0xFFFF, 0xFFFF, 0xFFFF, 0xFFFF, 0xFFFF, 0xFFFF, 0xF81F, 0xF81F, 0xF81F, 0xF81F, 0xF81F, 0xF81F,
    0xF81F, 0xF81F, 0xF81F, 0xF81F, 0xF81F, 0xF81F, 0xFFFF, 0xFFFF, 0xFFFF, 0xFFFF, 0xFFFF, 0xFFFF, 0xFFFF, 0xFFFF, 0xFFFF, 0xFFFF, 0xFFFF, 0xFFFF, 0xFFFF, 0xFFFF, 0xFFFF, 0xFFFF, 0xFFFF, 0xFFFF, 0xFFFF, 0xFFFF, 0xFFFF, 0xFFFF, 0xFFFF, 0xFFFF, 0xFFFF, 0xFFFF, 0xFFFF, 0xFFFF, 0xF81F, 0xF81F, 0xF81F, 0xF81F, 0xF81F, 0xF81F,
    0xF81F, 0xF81F, 0xF81F, 0xF81F, 0xF81F, 0xF81F, 0xF81F, 0xFFFF, 0xFFFF, 0xFFFF, 0xFFFF, 0xFFFF, 0xFFFF, 0xFFFF, 0xFFFF, 0xFFFF, 0xFFFF, 0xFFFF, 0xFFFF, 0xFFFF, 0xFFFF, 0xFFFF, 0xFFFF, 0xFFFF, 0xFFFF, 0xFFFF, 0xFFFF, 0xFFFF, 0xFFFF, 0xFFFF, 0xFFFF, 0xFFFF, 0xFFFF, 0xF81F, 0xF81F, 0xF81F, 0xF81F, 0xF81F, 0xF81F, 0xF81F,
    0xF81F, 0xF81F, 0xF81F, 0xF81F, 0xF81F, 0xF81F, 0xF81F, 0xF81F, 0xFFFF, 0xFFFF, 0xF81F, 0xF81F, 0xF81F, 0xF81F, 0xFFFF, 0xFFFF, 0xFFFF, 0xFFFF, 0xFFFF, 0xFFFF, 0xFFFF, 0xFFFF, 0xFFFF, 0xFFFF, 0xFFFF, 0xFFFF, 0xF81F, 0xF81F, 0xF81F, 0xF81F, 0xFFFF, 0xFFFF, 0xF81F, 0xF81F, 0xF81F, 0xF81F, 0xF81F, 0xF81F, 0xF81F, 0xF81F,
    0xF81F, 0xF81F, 0xF81F, 0xF81F, 0xF81F, 0xF81F, 0xF81F, 0xF81F, 0xF81F, 0xF81F, 0xF81F, 0xF81F, 0xF81F, 0xF81F, 0xF81F, 0xFFFF, 0xFFFF, 0xFFFF, 0xFFFF, 0xFFFF, 0xFFFF, 0xFFFF, 0xFFFF, 0xFFFF, 0xFFFF, 0xF81F, 0xF81F, 0xF81F, 0xF81F, 0xF81F, 0xF81F, 0xF81F, 0xF81F, 0xF81F, 0xF81F, 0xF81F, 0xF81F, 0xF81F, 0xF81F, 0xF81F,
    0xF81F, 0xF81F, 0xF81F, 0xF81F, 0xF81F, 0xF81F, 0xF81F, 0xF81F, 0xF81F, 0xF81F, 0xF81F, 0xF81F, 0xF81F, 0xF81F, 0xF81F, 0xF81F, 0xFFFF, 0xFFFF, 0xFFFF, 0xFFFF, 0xFFFF, 0xFFFF, 0xFFFF, 0xFFFF, 0xF81F, 0xF81F, 0xF81F, 0xF81F, 0xF81F, 0xF81F, 0xF81F, 0xF81F, 0xF81F, 0xF81F, 0xF81F, 0xF81F, 0xF81F, 0xF81F, 0xF81F, 0xF81F,
    0xF81F, 0xF81F, 0xF81F, 0xF81F, 0xF81F, 0xF81F, 0xF81F, 0xF81F, 0xF81F, 0xF81F, 0xF81F, 0xF81F, 0xF81F, 0xF81F, 0xF81F, 0xF81F, 0xFFFF, 0xFFFF, 0xFFFF, 0xFFFF, 0xFFFF, 0xFFFF, 0xFFFF, 0xFFFF, 0xF81F, 0xF81F, 0xF81F, 0xF81F, 0xF81F, 0xF81F, 0xF81F, 0xF81F, 0xF81F, 0xF81F, 0xF81F, 0xF81F, 0xF81F, 0xF81F, 0xF81F, 0xF81F,
    0xF81F, 0xF81F, 0xF81F, 0xF81F, 0xF81F, 0xF81F, 0xF81F, 0xF81F, 0xF81F, 0xF81F, 0xF81F, 0xF81F, 0xF81F, 0xF81F, 0xF81F, 0xF81F, 0xFFFF, 0xFFFF, 0xFFFF, 0xFFFF, 0xFFFF, 0xFFFF, 0xFFFF, 0xFFFF, 0xF81F, 0xF81F, 0xF81F, 0xF81F, 0xF81F, 0xF81F, 0xF81F, 0xF81F, 0xF81F, 0xF81F, 0xF81F, 0xF81F, 0xF81F, 0xF81F, 0xF81F, 0xF81F,
    0xF81F, 0xF81F, 0xF81F, 0xF81F, 0xF81F, 0xF81F, 0xF81F, 0xF81F, 0xF81F, 0xF81F, 0xF81F, 0xF81F, 0xF81F, 0xF81F, 0xF81F, 0xF81F, 0xFFFF, 0xFFFF, 0xFFFF, 0xFFFF, 0xFFFF, 0xFFFF, 0xFFFF, 0xFFFF, 0xF81F, 0xF81F, 0xF81F, 0xF81F, 0xF81F, 0xF81F, 0xF81F, 0xF81F, 0xF81F, 0xF81F, 0xF81F, 0xF81F, 0xF81F, 0xF81F, 0xF81F, 0xF81F,
    0xF81F, 0xF81F, 0xF81F, 0xF81F, 0xF81F, 0xF81F, 0xF81F, 0xF81F, 0xF81F, 0xF81F, 0xF81F, 0xF81F, 0xF81F, 0xF81F, 0xF81F, 0xF81F, 0xF81F, 0xF81F, 0xF81F, 0xF81F, 0xF81F, 0xF81F, 0xF81F, 0xF81F, 0xF81F, 0xF81F, 0xF81F, 0xF81F, 0xF81F, 0xF81F, 0xF81F, 0xF81F, 0xF81F, 0xF81F, 0xF81F, 0xF81F, 0xF81F, 0xF81F, 0xF81F, 0xF81F,
    0xF81F, 0xF81F, 0xF81F, 0xF81F, 0xF81F, 0xF81F, 0xF81F, 0xF81F, 0xF81F, 0xF81F, 0xF81F, 0xF81F, 0xF81F, 0xF81F, 0xF81F, 0xF81F, 0xF81F, 0xF81F, 0xF81F, 0xF81F, 0xF81F, 0xF81F, 0xF81F, 0xF81F, 0xF81F, 0xF81F, 0xF81F, 0xF81F, 0xF81F, 0xF81F, 0xF81F, 0xF81F, 0xF81F, 0xF81F, 0xF81F, 0xF81F, 0xF81F, 0xF81F, 0xF81F, 0xF81F,
    0xF81F, 0xF81F, 0xF81F, 0xF81F, 0xF81F, 0xF81F, 0xF81F, 0xF81F, 0xF81F, 0xF81F, 0xF81F, 0xF81F, 0xF81F, 0xF81F, 0xF81F, 0xF81F, 0xF81F, 0xF81F, 0xF81F, 0xF81F, 0xF81F, 0xF81F, 0xF81F, 0xF81F, 0xF81F, 0xF81F, 0xF81F, 0xF81F, 0xF81F, 0xF81F, 0xF81F, 0xF81F, 0xF81F, 0xF81F, 0xF81F, 0xF81F, 0xF81F, 0xF81F, 0xF81F, 0xF81F,
    0xF81F, 0xF81F, 0xF81F, 0xF81F, 0xF81F, 0xF81F, 0xF81F, 0xF81F, 0xF81F, 0xF81F, 0xF81F, 0xF81F, 0xF81F, 0xF81F, 0xF81F, 0xF81F, 0xF81F, 0xF81F, 0xF81F, 0xF81F, 0xF81F, 0xF81F, 0xF81F, 0xF81F, 0xF81F, 0xF81F, 0xF81F, 0xF81F, 0xF81F, 0xF81F, 0xF81F, 0xF81F, 0xF81F, 0xF81F, 0xF81F, 0xF81F, 0xF81F, 0xF81F, 0xF81F, 0xF81F
};

static const uint16_t UI_ICON_SPEED_LIMIT[UI_ICON_SIZE*UI_ICON_SIZE] = {
    0xF81F, 0xF81F, 0xF81F, 0xF81F, 0xF81F, 0xF81F, 0xF81F, 0xF81F, 0xF81F, 0xF81F, 0xF81F, 0xF81F, 0xF81F, 0xF81F, 0xF81F, 0xF81F, 0xF800, 0xF800, 0xF800, 0xF800, 0xF800, 0xF800, 0xF800, 0xF800, 0xF800, 0xF81F, 0xF81F, 0xF81F, 0xF81F, 0xF81F, 0xF81F, 0xF81F, 0xF81F, 0xF81F, 0xF81F, 0xF81F, 0xF81F, 0xF81F, 0xF81F, 0xF81F,
    0xF81F, 0xF81F, 0xF81F, 0xF81F, 0xF81F, 0xF81F, 0xF81F, 0xF81F, 0xF81F, 0xF81F, 0xF81F, 0xF81F, 0xF81F, 0xF800, 0xF800, 0xF800, 0xF800, 0xF800, 0xF800, 0xF800, 0xF800, 0xF800, 0xF800, 0xF800, 0xF800, 0xF800, 0xF800, 0xF800, 0xF81F, 0xF81F, 0xF81F, 0xF81F, 0xF81F, 0xF81F, 0xF81F, 0xF81F, 0xF81F, 0xF81F, 0xF81F, 0xF81F,
    0xF81F, 0xF81F, 0xF81F, 0xF81F, 0xF81F, 0xF81F, 0xF81F, 0xF81F, 0xF81F, 0xF81F, 0xF800, 0xF800, 0xF800, 0xF800, 0xF800, 0xF800, 0xF820, 0xF820, 0xF800, 0xF800, 0xF800, 0xF800, 0xF820, 0xF820, 0xF800, 0xF800, 0xF800, 0xF800, 0xF800, 0xF800, 0xF81F, 0xF81F, 0xF81F, 0xF81F, 0xF81F, 0xF81F, 0xF81F, 0xF81F, 0xF81F, 0xF81F,
    0xF81F, 0xF81F, 0xF81F, 0xF81F, 0xF81F, 0xF81F, 0xF81F, 0xF81F, 0xF81F, 0xF800, 0xF800, 0xF800, 0xF800, 0xF800, 0xF800, 0xF800, 0xF800, 0xF800, 0xF800, 0xF800, 0xF800, 0xF800, 0xF800, 0xF800, 0xF800, 0xF800, 0xF800, 0xF800, 0xF800, 0xF800, 0xF800, 0xF81F, 0xF81F, 0xF81F, 0xF81F, 0xF81F, 0xF81F, 0xF81F, 0xF81F, 0xF81F,
    0xF81F, 0xF81F, 0xF81F, 0xF81F, 0xF81F, 0xF81F, 0xF81F, 0xF81F, 0xF800, 0xF800, 0xF800, 0xF800, 0xF800, 0xF800, 0xF800, 0xF8E3, 0xFB0C, 0xFC10, 0xFDD7, 0xFDF7, 0xFDF7, 0xFDD7, 0xFC10, 0xFB0C, 0xF8E3, 0xF800, 0xF800, 0xF800, 0xF800, 0xF800, 0xF800, 0xF800, 0xF800, 0xF81F, 0xF81F, 0xF81F, 0xF81F, 0xF81F, 0xF81F, 0xF81F,
    0xF81F, 0xF81F, 0xF81F, 0xF81F, 0xF81F, 0xF81F, 0xF800, 0xF800, 0xF800, 0xF800, 0xF820, 0xF800, 0xF820, 0xFAEB, 0xFDD7, 0xFFBE, 0xFFFF, 0xFFFF, 0xFFFF, 0xFFFF, 0xFFFF, 0xFFFF, 0xFFFF, 0xFFFF, 0xFFBE, 0xFDD7, 0xFAEB, 0xF820, 0xF800, 0xF820, 0xF800, 0xF800, 0xF800, 0xF800, 0xF81F, 0xF81F, 0xF81F, 0xF81F, 0xF81F, 0xF81F,
    0xF81F, 0xF81F, 0xF81F, 0xF81F, 0xF81F, 0xF800, 0xF800, 0xF800, 0xF800, 0xF800, 0xF800, 0xFA08, 0xFE59, 0xFFFF, 0xFFFF, 0xFFFF, 0xFFFF, 0xFFDF, 0xFFFF, 0xFFFF, 0xFFFF, 0xFFFF, 0xFFDF, 0xFFFF, 0xFFFF, 0xFFFF, 0xFFFF, 0xFE59, 0xFA08, 0xF800, 0xF800, 0xF800, 0xF800, 0xF800, 0xF800, 0xF81F, 0xF81F, 0xF81F, 0xF81F, 0xF81F,
    0xF81F, 0xF81F, 0xF81F, 0xF81F, 0xF800, 0xF800, 0xF800, 0xF800, 0xF800, 0xF800, 0xFBEF, 0xFFFF, 0xFFFF, 0xFFDF, 0xFFFF, 0xFFFF, 0xFFFF, 0xFFFF, 0xFFFF, 0xFFFF, 0xFFFF, 0xFFFF, 0xFFFF, 0xFFFF, 0xFFFF, 0xFFFF, 0xFFDF, 0xFFFF, 0xFFFF, 0xFBEF, 0xF800, 0xF800, 0xF800, 0xF800, 0xF800, 0xF800, 0xF81F, 0xF81F, 0xF81F, 0xF81F,
    0xF81F, 0xF81F, 0xF81F, 0xF81F, 0xF800, 0xF800, 0xF800, 0xF800, 0xF800, 0xFCD3, 0xFFFF, 0xFFFF, 0xFFFF, 0xFFFF, 0xFFFF, 0xFFFF, 0xFFFF, 0xFFFF, 0xFFFF, 0xFFFF, 0xFFFF, 0xFFFF, 0xFFFF, 0xFFFF, 0xFFFF, 0xFFFF, 0xFFFF, 0xFFFF, 0xFFFF, 0xFFFF, 0xFCD3, 0xF800, 0xF800, 0xF800, 0xF800, 0xF800, 0xF81F, 0xF81F, 0xF81F, 0xF81F,
    0xF81F, 0xF81F, 0xF81F, 0xF800, 0xF800, 0xF800, 0xF800, 0xF800, 0xFCD3, 0xFFFF, 0xFFDF, 0xFFFF, 0xFFFF, 0xFFFF, 0xFFFF, 0xFFFF, 0xFFFF, 0xFFFF, 0xFFFF, 0xFFFF, 0xFFFF, 0xFFFF, 0xFFFF, 0xFFFF, 0xFFFF, 0xFFFF, 0xFFFF, 0xFFFF, 0xFFFF, 0xFFDF, 0xFFFF, 0xFCD3, 0xF800, 0xF800, 0xF800, 0xF800, 0xF800, 0xF81F, 0xF81F, 0xF81F,
    0xF81F, 0xF81F, 0xF800, 0xF800, 0xF800, 0xF820, 0xF800, 0xFC10, 0xFFFF, 0xFFDF, 0xFFFF, 0xFFFF, 0xFFFF, 0xFFFF, 0xFFFF, 0xFFFF, 0xFFFF, 0xFFFF, 0xFFFF, 0xFFFF, 0xFFFF, 0xFFFF, 0xFFFF, 0xFFFF, 0xFFFF, 0xFFFF, 0xFFFF, 0xFFFF, 0xFFFF, 0xFFFF, 0xFFDF, 0xFFFF, 0xFC10, 0xF800, 0xF820, 0xF800, 0xF800, 0xF800, 0xF81F, 0xF81F,
    0xF81F, 0xF81F, 0xF800, 0xF800, 0xF800, 0xF800, 0xF9E7, 0xFFFF, 0xFFDF, 0xFFFF, 0xFFFF, 0xFFFF, 0xFFFF, 0xFFFF, 0xFFFF, 0xFFFF, 0xFFFF, 0xFFFF, 0xFFFF, 0xFFFF, 0xFFFF, 0xFFFF, 0xFFFF, 0xFFFF, 0xFFFF, 0xFFFF, 0xFFFF, 0xFFFF, 0xFFFF, 0xFFFF, 0xFFFF, 0xFFDF, 0xFFFF, 0xF9E7, 0xF800, 0xF800, 0xF800, 0xF800, 0xF81F, 0xF81F,
    0xF81F, 0xF81F, 0xF800, 0xF800, 0xF800, 0xF841, 0xFE79, 0xFFFF, 0xFFFF, 0xFFFF, 0xFFFF, 0xFFFF, 0xFFFF, 0xFFFF, 0xFFFF, 0xFFFF, 0xFFFF, 0xFFFF, 0xFFFF, 0xFFFF, 0xFFFF, 0xFFFF, 0xFFFF, 0xFFFF, 0xFFFF, 0xFFFF, 0xFFFF, 0xFFFF, 0xFFFF, 0xFFFF, 0xFFFF, 0xFFFF, 0xFFFF, 0xFE79, 0xF841, 0xF800, 0xF800, 0xF800, 0xF800, 0xF81F,
    0xF81F, 0xF800, 0xF800, 0xF820, 0xF800, 0xFACB, 0xFFFF, 0xFFFF, 0xFFFF, 0xFFFF, 0xFFFF, 0xFFFF, 0xFFFF, 0xFFFF, 0xFFFF, 0xFFFF, 0xFFFF, 0xFFFF, 0xFFFF, 0xFFFF, 0xFFFF, 0xFFFF, 0xFFFF, 0xFFFF, 0xFFFF, 0xFFFF, 0xFFFF, 0xFFFF, 0xFFFF, 0xFFFF, 0xFFFF, 0xFFFF, 0xFFFF, 0xFFFF, 0xFACB, 0xF800, 0xF820, 0xF800, 0xF800, 0xF81F,
    0xF81F, 0xF800, 0xF800, 0xF800, 0xF800, 0xFDF7, 0xFFFF, 0xFFFF, 0xFFFF, 0xFFFF, 0xFFFF, 0xFFFF, 0xFFFF, 0xFFFF, 0xFFFF, 0xFFFF, 0xFFFF, 0xFFFF, 0xFFFF, 0xFFFF, 0xFFFF, 0xFFFF, 0xFFFF, 0xFFFF, 0xFFFF, 0xFFFF, 0xFFFF, 0xFFFF, 0xFFFF, 0xFFFF, 0xFFFF, 0xFFFF, 0xFFFF, 0xFFFF, 0xFDF7, 0xF800, 0xF800, 0xF800, 0xF800, 0xF81F,
    0xF81F, 0xF800, 0xF800, 0xF800, 0xF8C3, 0xFFBE, 0xFFFF, 0xFFFF, 0xFFFF, 0xFFFF, 0xFFFF, 0xFFFF, 0xFFFF, 0xFFFF, 0xFFFF, 0xFFFF, 0xFFFF, 0xFFFF, 0xFFFF, 0xFFFF, 0xFFFF, 0xFFFF, 0xFFFF, 0xFFFF, 0xFFFF, 0xFFFF, 0xFFFF, 0xFFFF, 0xFFFF, 0xFFFF, 0xFFFF, 0xFFFF, 0xFFFF, 0xFFFF, 0xFFBE, 0xF8C3, 0xF800, 0xF800, 0xF800, 0xF800,
    0xF800, 0xF800, 0xF820, 0xF800, 0xFB0C, 0xFFFF, 0xFFFF, 0xFFFF, 0xFFFF, 0xFFFF, 0xFFFF, 0xFFFF, 0xFFFF, 0xFFFF, 0xFFFF, 0xFFFF, 0xFFFF, 0xFFFF, 0xFFFF, 0xFFFF, 0xFFFF, 0xFFFF, 0xFFFF, 0xFFFF, 0xFFFF, 0xFFFF, 0xFFFF, 0xFFFF, 0xFFFF, 0xFFFF, 0xFFFF, 0xFFFF, 0xFFFF, 0xFFFF, 0xFFFF, 0xFB0C, 0xF800, 0xF820, 0xF800, 0xF800,
    0xF800, 0xF800, 0xF820, 0xF800, 0xFC51, 0xFFFF, 0xFFDF, 0xFFFF, 0xFFFF, 0xFFFF, 0xFFFF, 0xFFFF, 0xFFFF, 0xFFFF, 0xFFFF, 0xFFFF, 0xFFFF, 0xFFFF, 0xFFFF, 0xFFFF, 0xFFFF, 0xFFFF, 0xFFFF, 0xFFFF, 0xFFFF, 0xFFFF, 0xFFFF, 0xFFFF, 0xFFFF, 0xFFFF, 0xFFFF, 0xFFFF, 0xFFFF, 0xFFDF, 0xFFFF, 0xFC51, 0xF800, 0xF820, 0xF800, 0xF800,
    0xF800, 0xF800, 0xF800, 0xF800, 0xFDD7, 0xFFFF, 0xFFFF, 0xFFFF, 0xFFFF, 0xFFFF, 0xFFFF, 0xFFFF, 0xFFFF, 0xFFFF, 0xFFFF, 0xFFFF, 0xFFFF, 0xFFFF, 0xFFFF, 0xFFFF, 0xFFFF, 0xFFFF, 0xFFFF, 0xFFFF, 0xFFFF, 0xFFFF, 0xFFFF, 0xFFFF, 0xFFFF, 0xFFFF, 0xFFFF, 0xFFFF, 0xFFFF, 0xFFFF, 0xFFFF, 0xFDD7, 0xF800, 0xF800, 0xF800, 0xF800,
    0xF800, 0xF800, 0xF800, 0xF800, 0xFDF7, 0xFFFF, 0xFFFF, 0xFFFF, 0xFFFF, 0xFFFF, 0xFFFF, 0xFFFF, 0xFFFF, 0xFFFF, 0xFFFF, 0xFFFF, 0xFFFF, 0xFFFF, 0xFFFF, 0xFFFF, 0xFFFF, 0xFFFF, 0xFFFF, 0xFFFF, 0xFFFF, 0xFFFF, 0xFFFF, 0xFFFF, 0xFFFF, 0xFFFF, 0xFFFF, 0xFFFF, 0xFFFF, 0xFFFF, 0xFFFF, 0xFDF7, 0xF800, 0xF800, 0xF800, 0xF800,
    0xF800, 0xF800, 0xF800, 0xF800, 0xFDF7, 0xFFFF, 0xFFFF, 0xFFFF, 0xFFFF, 0xFFFF, 0xFFFF, 0xFFFF, 0xFFFF, 0xFFFF, 0xFFFF, 0xFFFF, 0xFFFF, 0xFFFF, 0xFFFF, 0xFFFF, 0xFFFF, 0xFFFF, 0xFFFF, 0xFFFF, 0xFFFF, 0xFFFF, 0xFFFF, 0xFFFF, 0xFFFF, 0xFFFF, 0xFFFF, 0xFFFF, 0xFFFF, 0xFFFF, 0xFFFF, 0xFDF7, 0xF800, 0xF800, 0xF800, 0xF800,
    0xF800, 0xF800, 0xF800, 0xF800, 0xFDD7, 0xFFFF, 0xFFFF, 0xFFFF, 0xFFFF, 0xFFFF, 0xFFFF, 0xFFFF, 0xFFFF, 0xFFFF, 0xFFFF, 0xFFFF, 0xFFFF, 0xFFFF, 0xFFFF, 0xFFFF, 0xFFFF, 0xFFFF, 0xFFFF, 0xFFFF, 0xFFFF, 0xFFFF, 0xFFFF, 0xFFFF, 0xFFFF, 0xFFFF, 0xFFFF, 0xFFFF, 0xFFFF, 0xFFFF, 0xFFFF, 0xFDD7, 0xF800, 0xF800, 0xF800, 0xF800,
    0xF800, 0xF800, 0xF820, 0xF800, 0xFC51, 0xFFFF, 0xFFDF, 0xFFFF, 0xFFFF, 0xFFFF, 0xFFFF, 0xFFFF, 0xFFFF, 0xFFFF, 0xFFFF, 0xFFFF, 0xFFFF, 0xFFFF, 0xFFFF, 0xFFFF, 0xFFFF, 0xFFFF, 0xFFFF, 0xFFFF, 0xFFFF, 0xFFFF, 0xFFFF, 0xFFFF, 0xFFFF, 0xFFFF, 0xFFFF, 0xFFFF, 0xFFFF, 0xFFDF, 0xFFFF, 0xFC51, 0xF800, 0xF820, 0xF800, 0xF800,
    0xF800, 0xF800, 0xF820, 0xF800, 0xFB0C, 0xFFFF, 0xFFFF, 0xFFFF, 0xFFFF, 0xFFFF, 0xFFFF, 0xFFFF, 0xFFFF, 0xFFFF, 0xFFFF, 0xFFFF, 0xFFFF, 0xFFFF, 0xFFFF, 0xFFFF, 0xFFFF, 0xFFFF, 0xFFFF, 0xFFFF, 0xFFFF, 0xFFFF, 0xFFFF, 0xFFFF, 0xFFFF, 0xFFFF, 0xFFFF, 0xFFFF, 0xFFFF, 0xFFFF, 0xFFFF, 0xFB0C, 0xF800, 0xF820, 0xF800, 0xF800,
    0xF800, 0xF800, 0xF800, 0xF800, 0xF8C3, 0xFFBE, 0xFFFF, 0xFFFF, 0xFFFF, 0xFFFF, 0xFFFF, 0xFFFF, 0xFFFF, 0xFFFF, 0xFFFF, 0xFFFF, 0xFFFF, 0xFFFF, 0xFFFF, 0xFFFF, 0xFFFF, 0xFFFF, 0xFFFF, 0xFFFF, 0xFFFF, 0xFFFF, 0xFFFF, 0xFFFF, 0xFFFF, 0xFFFF, 0xFFFF, 0xFFFF, 0xFFFF, 0xFFFF, 0xFFBE, 0xF8C3, 0xF800, 0xF800, 0xF800, 0xF800,
    0xF81F, 0xF800, 0xF800, 0xF800, 0xF800, 0xFDF7, 0xFFFF, 0xFFFF, 0xFFFF, 0xFFFF, 0xFFFF, 0xFFFF, 0xFFFF, 0xFFFF, 0xFFFF, 0xFFFF, 0xFFFF, 0xFFFF, 0xFFFF, 0xFFFF, 0xFFFF, 0xFFFF, 0xFFFF, 0xFFFF, 0xFFFF, 0xFFFF, 0xFFFF, 0xFFFF, 0xFFFF, 0xFFFF, 0xFFFF, 0xFFFF, 0xFFFF, 0xFFFF, 0xFDF7, 0xF800, 0xF800, 0xF800, 0xF800, 0xF800,
    0xF81F, 0xF800, 0xF800, 0xF820, 0xF800, 0xFACB, 0xFFFF, 0xFFFF, 0xFFFF, 0xFFFF, 0xFFFF, 0xFFFF, 0xFFFF, 0xFFFF, 0xFFFF, 0xFFFF, 0xFFFF, 0xFFFF, 0xFFFF, 0xFFFF, 0xFFFF, 0xFFFF, 0xFFFF, 0xFFFF, 0xFFFF, 0xFFFF, 0xFFFF, 0xFFFF, 0xFFFF, 0xFFFF, 0xFFFF, 0xFFFF, 0xFFFF, 0xFFFF, 0xFACB, 0xF800, 0xF820, 0xF800, 0xF800, 0xF81F,
    0xF81F, 0xF800, 0xF800, 0xF800, 0xF800, 0xF841, 0xFE79, 0xFFFF, 0xFFFF, 0xFFFF, 0xFFFF, 0xFFFF, 0xFFFF, 0xFFFF, 0xFFFF, 0xFFFF, 0xFFFF, 0xFFFF, 0xFFFF, 0xFFFF, 0xFFFF, 0xFFFF, 0xFFFF, 0xFFFF, 0xFFFF, 0xFFFF, 0xFFFF, 0xFFFF, 0xFFFF, 0xFFFF, 0xFFFF, 0xFFFF, 0xFFFF, 0xFE79, 0xF841, 0xF800, 0xF800, 0xF800, 0xF800, 0xF81F,
    0xF81F, 0xF81F, 0xF800, 0xF800, 0xF800, 0xF800, 0xF9E7, 0xFFFF, 0xFFDF, 0xFFFF, 0xFFFF, 0xFFFF, 0xFFFF, 0xFFFF, 0xFFFF, 0xFFFF, 0xFFFF, 0xFFFF, 0xFFFF, 0xFFFF, 0xFFFF, 0xFFFF, 0xFFFF, 0xFFFF, 0xFFFF, 0xFFFF, 0xFFFF, 0xFFFF, 0xFFFF, 0xFFFF, 0xFFFF, 0xFFDF, 0xFFFF, 0xF9E7, 0xF800, 0xF800, 0xF800, 0xF800, 0xF81F, 0xF81F,
    0xF81F, 0xF81F, 0xF800, 0xF800, 0xF800, 0xF820, 0xF800, 0xFC10, 0xFFFF, 0xFFDF, 0xFFFF, 0xFFFF, 0xFFFF, 0xFFFF, 0xFFFF, 0xFFFF, 0xFFFF, 0xFFFF, 0xFFFF, 0xFFFF, 0xFFFF, 0xFFFF, 0xFFFF, 0xFFFF, 0xFFFF, 0xFFFF, 0xFFFF, 0xFFFF, 0xFFFF, 0xFFFF, 0xFFDF, 0xFFFF, 0xFC10, 0xF800, 0xF820, 0xF800, 0xF800, 0xF800, 0xF81F, 0xF81F,
    0xF81F, 0xF81F, 0xF81F, 0xF800, 0xF800, 0xF800, 0xF800, 0xF800, 0xFCD3, 0xFFFF, 0xFFDF, 0xFFFF, 0xFFFF, 0xFFFF, 0xFFFF, 0xFFFF, 0xFFFF, 0xFFFF, 0xFFFF, 0xFFFF, 0xFFFF, 0xFFFF, 0xFFFF, 0xFFFF, 0xFFFF, 0xFFFF, 0xFFFF, 0xFFFF, 0xFFFF, 0xFFDF, 0xFFFF, 0xFCD3, 0xF800, 0xF800, 0xF800, 0xF800, 0xF800, 0xF81F, 0xF81F, 0xF81F,
    0xF81F, 0xF81F, 0xF81F, 0xF81F, 0xF800, 0xF800, 0xF800, 0xF800, 0xF800, 0xFCD3, 0xFFFF, 0xFFFF, 0xFFFF, 0xFFFF, 0xFFFF, 0xFFFF, 0xFFFF, 0xFFFF, 0xFFFF, 0xFFFF, 0xFFFF, 0xFFFF, 0xFFFF, 0xFFFF, 0xFFFF, 0xFFFF, 0xFFFF, 0xFFFF, 0xFFFF, 0xFFFF, 0xFCD3, 0xF800, 0xF800, 0xF800, 0xF800, 0xF800, 0xF800, 0xF81F, 0xF81F, 0xF81F,
    0xF81F, 0xF81F, 0xF81F, 0xF81F, 0xF800, 0xF800, 0xF800, 0xF800, 0xF800, 0xF800, 0xFBEF, 0xFFFF, 0xFFFF, 0xFFDF, 0xFFFF, 0xFFFF, 0xFFFF, 0xFFFF, 0xFFFF, 0xFFFF, 0xFFFF, 0xFFFF, 0xFFFF, 0xFFFF, 0xFFFF, 0xFFFF, 0xFFDF, 0xFFFF, 0xFFFF, 0xFBEF, 0xF800, 0xF800, 0xF800, 0xF800, 0xF800, 0xF800, 0xF81F, 0xF81F, 0xF81F, 0xF81F,
    0xF81F, 0xF81F, 0xF81F, 0xF81F, 0xF81F, 0xF800, 0xF800, 0xF800, 0xF800, 0xF800, 0xF800, 0xFA08, 0xFE59, 0xFFFF, 0xFFFF, 0xFFFF, 0xFFFF, 0xFFDF, 0xFFFF, 0xFFFF, 0xFFFF, 0xFFFF, 0xFFDF, 0xFFFF, 0xFFFF, 0xFFFF, 0xFFFF, 0xFE59, 0xFA08, 0xF800, 0xF800, 0xF800, 0xF800, 0xF800, 0xF800, 0xF81F, 0xF81F, 0xF81F, 0xF81F, 0xF81F,
    0xF81F, 0xF81F, 0xF81F, 0xF81F, 0xF81F, 0xF81F, 0xF800, 0xF800, 0xF800, 0xF800, 0xF820, 0xF800, 0xF820, 0xFAEB, 0xFDD7, 0xFFBE, 0xFFFF, 0xFFFF, 0xFFFF, 0xFFFF, 0xFFFF, 0xFFFF, 0xFFFF, 0xFFFF, 0xFFBE, 0xFDD7, 0xFAEB, 0xF820, 0xF800, 0xF820, 0xF800, 0xF800, 0xF800, 0xF800, 0xF81F, 0xF81F, 0xF81F, 0xF81F, 0xF81F, 0xF81F,
    0xF81F, 0xF81F, 0xF81F, 0xF81F, 0xF81F, 0xF81F, 0xF81F, 0xF800, 0xF800, 0xF800, 0xF800, 0xF800, 0xF800, 0xF800, 0xF800, 0xF8E3, 0xFB0C, 0xFC10, 0xFDD7, 0xFDF7, 0xFDF7, 0xFDD7, 0xFC10, 0xFB0C, 0xF8E3, 0xF800, 0xF800, 0xF800, 0xF800, 0xF800, 0xF800, 0xF800, 0xF800, 0xF81F, 0xF81F, 0xF81F, 0xF81F, 0xF81F, 0xF81F, 0xF81F,
    0xF81F, 0xF81F, 0xF81F, 0xF81F, 0xF81F, 0xF81F, 0xF81F, 0xF81F, 0xF800, 0xF800, 0xF800, 0xF800, 0xF800, 0xF800, 0xF800, 0xF800, 0xF800, 0xF800, 0xF800, 0xF800, 0xF800, 0xF800, 0xF800, 0xF800, 0xF800, 0xF800, 0xF800, 0xF800, 0xF800, 0xF800, 0xF800, 0xF800, 0xF81F, 0xF81F, 0xF81F, 0xF81F, 0xF81F, 0xF81F, 0xF81F, 0xF81F,
    0xF81F, 0xF81F, 0xF81F, 0xF81F, 0xF81F, 0xF81F, 0xF81F, 0xF81F, 0xF81F, 0xF81F, 0xF800, 0xF800, 0xF800, 0xF800, 0xF800, 0xF800, 0xF820, 0xF820, 0xF800, 0xF800, 0xF800, 0xF800, 0xF820, 0xF820, 0xF800, 0xF800, 0xF800, 0xF800, 0xF800, 0xF800, 0xF81F, 0xF81F, 0xF81F, 0xF81F, 0xF81F, 0xF81F, 0xF81F, 0xF81F, 0xF81F, 0xF81F,
    0xF81F, 0xF81F, 0xF81F, 0xF81F, 0xF81F, 0xF81F, 0xF81F, 0xF81F, 0xF81F, 0xF81F, 0xF81F, 0xF81F, 0xF800, 0xF800, 0xF800, 0xF800, 0xF800, 0xF800, 0xF800, 0xF800, 0xF800, 0xF800, 0xF800, 0xF800, 0xF800, 0xF800, 0xF800, 0xF800, 0xF81F, 0xF81F, 0xF81F, 0xF81F, 0xF81F, 0xF81F, 0xF81F, 0xF81F, 0xF81F, 0xF81F, 0xF81F, 0xF81F,
    0xF81F, 0xF81F, 0xF81F, 0xF81F, 0xF81F, 0xF81F, 0xF81F, 0xF81F, 0xF81F, 0xF81F, 0xF81F, 0xF81F, 0xF81F, 0xF81F, 0xF81F, 0xF800, 0xF800, 0xF800, 0xF800, 0xF800, 0xF800, 0xF800, 0xF800, 0xF800, 0xF800, 0xF800, 0xF81F, 0xF81F, 0xF81F, 0xF81F, 0xF81F, 0xF81F, 0xF81F, 0xF81F, 0xF81F, 0xF81F, 0xF81F, 0xF81F, 0xF81F, 0xF81F
};

typedef struct { const char *name; const uint16_t *px; int w, h; } UiIconDef;

static const UiIconDef UI_ICONS[] = {
    { "turn_left", UI_ICON_TURN_LEFT, 40, 40 },
    { "turn_right", UI_ICON_TURN_RIGHT, 40, 40 },
    { "turn_slight_left", UI_ICON_TURN_SLIGHT_LEFT, 40, 40 },
    { "turn_slight_right", UI_ICON_TURN_SLIGHT_RIGHT, 40, 40 },
    { "straight", UI_ICON_STRAIGHT, 40, 40 },
    { "u_turn", UI_ICON_U_TURN, 40, 40 },
    { "speed", UI_ICON_SPEED, 40, 40 },
    { "gear", UI_ICON_GEAR, 40, 40 },
    { "speed_limit", UI_ICON_SPEED_LIMIT, 40, 40 },
    { nullptr, nullptr, 0, 0 }
};

#endif // UI_ICONS_H_
